date,sessions,unique_visitors,page_views,Revenue,COGS,Revenue_per_session
2013-01-01,9760,7253,39093,5304546.99,4156070.2,543.4986670081968
2013-01-02,10456,8151,47611,1606940.44,1237497.84,153.68596403978577
2013-01-03,10076,7458,36963,2281680.01,1832133.02,226.44700377133782
2013-01-04,9973,8063,53078,2376895.46,1940747.07,238.33304522209966
2013-01-05,10223,7882,36790,2509462.77,1977027.71,245.4722459160716
2013-01-06,9545,6992,47160,2603356.52,2060481.76,272.7455756940807
2013-01-07,10203,7354,32749,3048100.39,2452517.39,298.74550524355584
2013-01-08,9456,7459,31482,2449700.42,1973182.14,259.06307318104905
2013-01-09,9162,7108,46717,2049715.7,1654806.5,223.71924252346648
2013-01-10,9887,7878,38472,2794331.46,2122153.07,282.62682916961666
2013-01-11,9412,7368,46916,2343077.25,1805692.13,248.94573416914577
2013-01-12,8730,6136,33336,2814596.53,2241879.07,322.40510080183276
2013-01-13,8818,6863,35427,2919719.62,2279740.92,331.10905193921525
2013-01-14,8230,6203,35402,3077677.28,2477490.97,373.9583572296476
2013-01-15,8102,6179,39490,2536405.93,2094291.34,313.0592359911133
2013-01-16,9373,7503,37034,1849789.43,1445623.48,197.35297450122692
2013-01-17,9819,7503,48840,2173214.95,1763012.0,221.32752316936555
2013-01-18,10041,7821,35761,2099249.56,1615535.57,209.06777810975004
2013-01-19,8746,6138,33440,2477132.79,2033637.15,283.23036702492567
2013-01-20,10270,8030,35184,2522776.58,2018671.04,245.6452366114898
2013-01-21,10339,8283,40661,4100379.42,3250868.59,396.59342489602477
2013-01-22,10100,7469,39597,3538734.12,2801650.02,350.3697148514852
2013-01-23,9307,7261,39117,2836455.88,2322088.98,304.76586225421727
2013-01-24,9698,7034,36976,2522924.71,2102458.71,260.1489698906991
2013-01-25,10600,7868,42453,2823082.71,2273250.41,266.3285575471698
2013-01-26,10226,8004,42655,2312290.79,1869897.73,226.11879424995112
2013-01-27,8604,6327,44601,3818881.29,3023842.24,443.84952231520225
2013-01-28,9701,7636,51697,5008712.77,4035190.91,516.3089135140707
2013-01-29,8638,6928,42663,4833870.43,4015854.7,559.6052824727946
2013-01-30,8596,6245,30451,4296295.37,3414688.28,499.8016949744067
2013-01-31,8915,6530,47230,3378679.46,2731823.14,378.98816152551876
2013-02-01,15758,11220,63433,4073777.92,3289266.58,258.5212539662394
2013-02-02,15027,12295,56597,2351969.75,1915236.16,156.51625407599653
2013-02-03,14372,10507,72606,2743224.75,2293960.05,190.8728604230448
2013-02-04,15623,12726,62972,3599084.22,2986552.92,230.3708775523267
2013-02-05,14177,11064,62917,3829186.14,3181079.49,270.0984792269168
2013-02-06,14103,10525,66736,2313071.08,1919077.04,164.01269800751615
2013-02-07,14761,10967,66344,2839296.13,2338660.54,192.35120452543865
2013-02-08,14467,10993,59452,2648161.4,2136088.4,183.04841363102233
2013-02-09,14578,10995,47223,2957587.36,2354253.06,202.8801865825216
2013-02-10,16602,12760,61322,3380985.73,2832001.18,203.64930309601252
2013-02-11,15063,11080,60064,4189315.44,3426089.62,278.11959370643297
2013-02-12,15368,11408,65858,3967295.55,3276616.25,258.1530160072879
2013-02-13,13346,9812,50414,3156812.35,2628245.52,236.5362168439982
2013-02-14,17180,13040,85934,3286622.13,2725794.93,191.30512980209545
2013-02-15,13633,10416,74873,2860640.37,2293142.09,209.83205237291867
2013-02-16,15360,12159,73050,3339909.75,2755975.45,217.442041015625
2013-02-17,14662,10421,77351,3433567.61,2907659.44,234.1813947619697
2013-02-18,13304,9946,43820,4473211.04,3823113.82,336.23053517739027
2013-02-19,16231,11522,82447,4318301.23,3421155.04,266.0526911465714
2013-02-20,14347,11037,75545,3392471.04,2787089.48,236.45856555377432
2013-02-21,14194,11525,54818,3412803.18,2676550.95,240.43984641397776
2013-02-22,15750,12758,61771,3535377.38,2908690.59,224.46840507936508
2013-02-23,14540,11603,61974,4286140.45,3439856.85,294.7826994497937
2013-02-24,13758,9915,63623,5419232.89,4431878.1,393.89685201337403
2013-02-25,13676,10852,72244,9128225.25,7430696.94,667.463092278444
2013-02-26,15824,11642,60025,6762535.71,5653323.87,427.35943566734073
2013-02-27,15908,11989,72791,5716765.68,4880975.48,359.3641991450842
2013-02-28,15284,11512,56308,4367566.41,3573846.75,285.7606915728867
2013-03-01,20573,15216,82066,2693901.21,2256905.73,130.94352841102415
2013-03-02,18275,14004,64834,279813.94,236576.31,15.311296306429549
2013-03-03,19075,15498,69465,1959484.08,1505793.8,102.72524665792923
2013-03-04,21760,16400,112923,1412869.43,1130489.5,64.92966130514705
2013-03-05,21169,15161,90533,2440470.72,1954056.55,115.28512069535643
2013-03-06,19422,13780,66932,3247761.18,2622451.1,167.22073833796728
2013-03-07,20205,14897,74215,4017685.67,3191424.08,198.8461108636476
2013-03-08,21327,17243,72483,3622255.55,2838056.23,169.84365124021193
2013-03-09,20046,15758,91235,3263371.09,2560913.71,162.79412800558714
2013-03-10,19505,15320,104073,3510986.19,2877727.07,180.0044188669572
2013-03-11,21480,15406,115544,3242639.13,2568418.97,150.9608533519553
2013-03-12,16857,13571,82314,3660190.99,2853606.73,217.1318140831702
2013-03-13,23166,18652,76524,4335373.37,3463021.54,187.1438042821376
2013-03-14,18997,14391,77150,6692797.3,5359353.2,352.3081170711165
2013-03-15,20137,15797,106673,5330057.69,4206775.58,264.68975964642203
2013-03-16,20761,16647,90756,3591734.21,2762570.88,173.003911661288
2013-03-17,17101,12496,79841,4401297.64,3565497.63,257.37077597801294
2013-03-18,22860,18012,120159,4567013.37,3743618.37,199.7818622047244
2013-03-19,17631,14247,85400,4645433.62,3929520.42,263.48100618229256
2013-03-20,21762,16804,116234,4992105.19,4308112.41,229.3955146585792
2013-03-21,22061,17031,119803,7355693.45,6496769.78,333.4252051130955
2013-03-22,20729,16912,71130,6603332.26,6021167.98,318.55527328862945
2013-03-23,21609,15589,92824,6009508.61,5393148.03,278.10211532231943
2013-03-24,20504,16771,96571,5088153.2,4610104.28,248.15417479516194
2013-03-25,16659,12105,60697,4694308.82,4169990.65,281.7881517498049
2013-03-26,20555,16341,109308,5731432.22,5192620.7,278.8339683775237
2013-03-27,16879,12285,56985,6872130.59,6081507.57,407.14086083298776
2013-03-28,18569,14393,98414,8099154.93,7239463.63,436.1653793957671
2013-03-29,19856,14231,93944,8381683.44,7644413.84,422.12346091861406
2013-03-30,21034,15942,82344,11636994.38,10600188.31,553.2468565180185
2013-03-31,21610,16402,74076,9455023.8,8513517.85,437.5300231374364
2013-04-01,24812,17641,117628,10313848.23,9188774.52,415.6798416088989
2013-04-02,26607,19633,99501,8250013.05,7374699.1,310.06926936520466
2013-04-03,26624,19598,107204,8740749.51,7769943.74,328.30339205228364
2013-04-04,21608,16833,111095,4270660.8,3779960.51,197.64257682339874
2013-04-05,32435,24802,158360,3073716.42,2637291.44,94.7654206875289
2013-04-06,32500,24533,108393,3663196.56,3221790.63,112.7137403076923
2013-04-07,27260,21972,126098,2924734.26,2598895.09,107.29032501834189
2013-04-08,30848,21771,155647,4670874.28,4351446.44,151.41578967842324
2013-04-09,25156,17669,137296,4293257.18,3845242.09,170.66533550643982
2013-04-10,29194,23157,116383,6011834.78,5327749.04,205.9270665205179
2013-04-11,29054,21204,96574,4244755.76,3794688.65,146.0988421559854
2013-04-12,24892,19582,95949,4282161.81,3850989.97,172.02964044672984
2013-04-13,27517,21818,149988,5214391.75,4691901.42,189.4971017916197
2013-04-14,23814,16876,78359,4506492.03,3873550.82,189.2370886873268
2013-04-15,30902,22373,159594,5167610.5,4514315.72,167.22576208659635
2013-04-16,27551,21877,99161,5887221.88,4755791.57,213.68450800333926
2013-04-17,29585,21004,94904,8104639.53,6617328.78,273.94421260774044
2013-04-18,24098,19494,113622,6536742.64,5253454.75,271.2566453647606
2013-04-19,27256,21981,90395,5871312.85,4657092.08,215.41359150278836
2013-04-20,21636,15934,90602,6012115.71,4722140.67,277.87556433721574
2013-04-21,24267,19025,133036,6323547.99,5021941.78,260.58218939300286
2013-04-22,28085,22427,141532,7292352.56,5866886.82,259.6529307459498
2013-04-23,27068,19210,88898,8757473.08,6907927.03,323.5360233486035
2013-04-24,33819,25856,134590,9358565.61,7286897.36,276.725083828617
2013-04-25,25153,20499,119550,9127283.0,7206948.14,362.87055222041107
2013-04-26,25454,18300,131458,6156392.84,4860244.05,241.86347293156282
2013-04-27,23854,17383,104436,6420235.09,5103697.51,269.1471069841536
2013-04-28,26593,20990,92764,9099343.31,7234100.22,342.1706204640319
2013-04-29,30100,21412,127202,13160942.22,10423989.71,437.24060531561463
2013-04-30,26638,20421,114824,11190466.86,8842281.65,420.0941084165478
2013-05-01,25484,20167,121645,13051232.31,10395426.51,512.1343709778685
2013-05-02,27523,21551,148318,11179665.29,8989067.99,406.19355775169856
2013-05-03,27201,20147,109468,8173550.12,6507576.59,300.4871188559244
2013-05-04,26616,18955,87588,3225175.57,2586608.79,121.1743150736399
2013-05-05,26820,19885,116224,3906711.0,3268319.42,145.66409395973153
2013-05-06,24933,19563,109347,4311626.38,3384442.35,172.92850358962016
2013-05-07,28589,21318,147402,3763332.37,3079887.85,131.6356770086397
2013-05-08,28654,20921,130897,5458168.5,4267785.48,190.48539470929015
2013-05-09,26771,19690,142781,5815611.07,4647084.74,217.23548130439656
2013-05-10,26830,19447,124787,4248246.45,3392369.6,158.33941297055534
2013-05-11,28668,21307,137833,4388803.6,3347274.34,153.0906795032789
2013-05-12,27438,22374,128020,4298069.68,3423974.02,156.6466098112107
2013-05-13,26357,19629,90559,4663488.62,3677688.54,176.9354865880032
2013-05-14,26056,20140,115695,5622176.45,4515976.68,215.77281432299662
2013-05-15,29084,22687,146585,6416011.44,5136196.06,220.6027864117728
2013-05-16,26638,19759,113183,7727680.05,6101584.58,290.0998592236654
2013-05-17,24122,18498,132379,6520355.77,5213542.1,270.30742765939806
2013-05-18,23202,17262,103657,5126131.05,4165368.61,220.93487845875356
2013-05-19,25148,20307,89419,5417543.03,4323889.4,215.42639693017338
2013-05-20,23328,18639,95417,5837064.06,4872375.63,250.21708076131685
2013-05-21,28407,22048,108703,5156527.79,4086850.49,181.52313831097968
2013-05-22,25706,19005,88509,6977473.78,5617374.39,271.43366451412123
2013-05-23,22398,17580,109248,9166919.02,7150676.62,409.273998571301
2013-05-24,25714,20338,120745,6670030.19,5242528.96,259.3929450882788
2013-05-25,26078,21237,92476,5054594.94,3916382.21,193.8260196334075
2013-05-26,29842,21470,103585,3649585.05,2889501.26,122.2969321761276
2013-05-27,25522,20808,123734,4403026.04,3471897.02,172.51884805266045
2013-05-28,25369,18149,102736,6274027.61,4977411.59,247.3107970357523
2013-05-29,23853,18613,85854,7359639.59,5841803.19,308.541466062969
2013-05-30,27287,20624,123833,12828293.48,10036927.65,470.1247289918276
2013-05-31,26902,19521,103623,13809349.18,11231361.14,513.3205404802617
2013-06-01,25458,18115,131842,13162597.88,10314262.16,517.0318909576558
2013-06-02,23735,17119,76080,12079925.72,9610953.04,508.9498934063619
2013-06-03,25536,19209,97821,9411997.25,7525850.2,368.5775865444862
2013-06-04,27334,19831,110854,5397308.75,4297393.33,197.45769920245849
2013-06-05,28445,21988,137505,6860958.96,5505167.85,241.20087748286167
2013-06-06,26397,18897,125873,5692902.11,4632206.37,215.6647387960753
2013-06-07,26823,18932,134357,3843507.28,2986865.05,143.29147671774223
2013-06-08,27553,21069,147243,3646959.35,2897196.14,132.36160672159113
2013-06-09,24891,19205,125165,3880132.51,3070545.08,155.88495882045717
2013-06-10,28861,23567,100856,4476887.83,3582347.82,155.1189435570493
2013-06-11,23368,17790,126304,5003847.86,3903592.44,214.13248288257446
2013-06-12,25933,21079,127206,7209020.15,5796177.46,277.98635522307484
2013-06-13,27752,19777,151236,6845836.24,5559998.61,246.67902277313348
2013-06-14,27755,21197,126500,4871516.57,3975403.65,175.5185217078004
2013-06-15,26928,21083,98828,5166292.57,4029821.84,191.85578468508618
2013-06-16,26115,18984,119810,5794009.15,4551326.63,221.86517901589127
2013-06-17,28092,21312,92163,5795298.96,4637293.92,206.29712943186672
2013-06-18,25085,19903,133701,6632615.61,5459331.17,264.4056452062986
2013-06-19,28632,23372,112269,7437341.02,6031157.35,259.756252444817
2013-06-20,25557,20425,116849,7078652.68,5515676.8,276.9751019290214
2013-06-21,29053,21451,103139,5526354.45,4396745.86,190.21630984752005
2013-06-22,26367,21250,113536,5117274.96,4111300.17,194.0787711912618
2013-06-23,27355,21580,146783,5844565.63,4855247.11,213.6562101992323
2013-06-24,26497,21120,97404,5243774.5,4800223.91,197.90068687021173
2013-06-25,29694,21606,125033,6728887.1,6142934.34,226.60763453896408
2013-06-26,27207,20220,127226,8817278.13,8290194.65,324.0812338736355
2013-06-27,26545,20261,100022,7748199.74,7462815.86,291.889234884159
2013-06-28,23891,17776,91798,6285354.21,6043485.1,263.08460131430246
2013-06-29,28947,21255,158795,9546012.78,9167617.84,329.7755477251528
2013-06-30,26808,20585,139193,7372318.59,7149429.97,275.00442367949864
2013-07-01,20717,14990,103616,6359864.53,6248239.94,306.9877168508954
2013-07-02,22158,16944,96216,7209130.33,6927420.38,325.35112961458617
2013-07-03,20624,16244,90498,8038680.63,7869401.17,389.77311045384016
2013-07-04,20224,15518,96547,2521315.44,2408274.98,124.66947389240507
2013-07-05,22308,16026,110365,2494107.65,2432073.97,111.80328357539895
2013-07-06,19852,14493,104084,2452372.43,2331799.51,123.53276395325409
2013-07-07,19573,15181,74366,2958215.01,2950992.63,151.13753691309455
2013-07-08,18865,14238,78747,2571901.18,2450996.77,136.33189398356745
2013-07-09,22779,18244,96006,4624825.33,4592718.95,203.0302177444137
2013-07-10,22911,17844,91089,3855254.64,3797797.81,168.27090218672254
2013-07-11,22159,15665,121194,5785320.61,5626075.87,261.08220632700034
2013-07-12,21395,17049,79697,6053300.71,5886949.95,282.93062444496377
2013-07-13,20990,16293,82169,4161301.31,3995435.41,198.25161076703193
2013-07-14,19989,14732,82309,4482102.22,4419156.67,224.22843664015207
2013-07-15,18587,13497,84767,4387240.36,4219310.04,236.03811050734387
2013-07-16,19711,16037,88626,4411030.39,4135243.61,223.78521586931154
2013-07-17,19882,14587,66793,4475453.64,4375610.63,225.1007765818328
2013-07-18,19517,13750,66929,6265533.39,6163756.55,321.0295327150689
2013-07-19,21059,16557,96682,6310739.5,5960928.51,299.6694762334394
2013-07-20,21432,15474,75600,4157746.85,3978173.28,193.99714678984697
2013-07-21,22930,16061,97731,4847680.2,4301699.27,211.41213257740952
2013-07-22,19228,13486,71073,5926190.4,5032346.99,308.2062825046807
2013-07-23,20992,16978,97061,4436778.28,3552350.42,211.35567263719514
2013-07-24,23873,18037,83203,7329505.1,5924978.27,307.02069702174003
2013-07-25,24318,18975,100129,6342757.31,4978292.65,260.82561518216954
2013-07-26,20769,14594,72595,6941436.71,5543496.22,334.22103664114786
2013-07-27,18198,12889,70117,4353958.13,3499528.32,239.25476041323222
2013-07-28,25026,18160,120386,6017516.42,4917333.26,240.45058818828417
2013-07-29,20760,15605,109067,8158241.16,6599164.67,392.9788612716763
2013-07-30,22570,17674,74423,7711378.77,7073525.07,341.6649875941515
2013-07-31,21645,16539,81092,10104475.36,10851542.12,466.8272284592284
2013-08-01,23532,17995,95876,10998208.4,12167214.07,467.3724460309366
2013-08-02,22089,17760,76290,7422715.15,9601836.11,336.03672189777717
2013-08-03,19760,15958,85952,5599602.67,7786528.35,283.3807019230769
2013-08-04,22135,16046,73001,5021938.29,7089757.76,226.87771809351705
2013-08-05,25518,20607,95149,2231563.34,3064145.21,87.45055803746375
2013-08-06,21270,15427,110319,2493225.51,3592496.3,117.2179365303244
2013-08-07,21729,17596,106146,2638845.23,3381813.66,121.44347323852915
2013-08-08,25048,20133,88852,3065089.0,4223344.7,122.36861226445225
2013-08-09,21871,16990,105802,2598855.08,3418548.13,118.82653193726853
2013-08-10,22931,17591,107729,1776113.02,2320738.01,77.45466922506651
2013-08-11,20544,15209,90834,2074476.53,2834815.33,100.97724542445484
2013-08-12,24576,17742,103910,1933036.01,2566277.36,78.65543660481771
2013-08-13,19843,14706,70310,2531884.21,3266499.42,127.59583782694149
2013-08-14,23377,16422,106286,2791478.67,3740726.27,119.4113303674552
2013-08-15,24562,17671,104078,3665019.45,4896607.22,149.21502524224414
2013-08-16,21594,15178,70937,3619170.1,4661015.06,167.60072705381126
2013-08-17,25258,19092,110262,3066137.96,4129676.85,121.39274526882572
2013-08-18,24646,19117,120067,2385617.18,2947242.18,96.79530877221457
2013-08-19,23836,16878,127242,2870843.18,3669528.41,120.44148263131399
2013-08-20,23145,16573,76874,2730112.88,3528369.0,117.95691855692374
2013-08-21,22174,17667,88785,2707776.73,3591906.04,122.11494227473618
2013-08-22,20674,16052,88395,3821233.2,5275320.79,184.83279481474315
2013-08-23,21969,16007,73448,3454696.96,4693020.59,157.2532641449315
2013-08-24,22020,16468,117994,2837188.07,4087795.83,128.84596139872843
2013-08-25,23027,18302,124556,3018860.44,3945685.24,131.1009006818083
2013-08-26,23617,17269,78791,3465971.03,4845153.03,146.75746411483252
2013-08-27,23901,18422,99962,3008572.56,3950990.04,125.8764302748839
2013-08-28,21366,17094,107444,3749158.5,4845899.79,175.47311148553777
2013-08-29,23147,16818,83676,6385124.62,8251851.88,275.8510657968635
2013-08-30,26500,20681,114458,5499141.72,7247803.25,207.51478188679243
2013-08-31,23963,18130,80783,6810100.27,8325085.12,284.19230772440847
2013-09-01,17091,12233,74574,6018993.92,6937336.62,352.17330290796326
2013-09-02,15376,12350,50005,5386759.65,5986639.99,350.33556516649327
2013-09-03,15581,10983,59990,4126941.12,3701795.41,264.8701058982094
2013-09-04,16020,12505,55806,5401049.96,4808183.3,337.1441922596754
2013-09-05,16582,13189,57021,3168900.6,2729766.04,191.1048486310457
2013-09-06,16237,13287,87609,2705040.33,2367475.06,166.59729814620928
2013-09-07,15613,12209,55336,2468479.29,2187848.67,158.10409850765387
2013-09-08,16962,13239,74004,3056823.21,2611808.27,180.21596568800848
2013-09-09,18127,13415,88280,3771227.87,3399993.99,208.0447878854747
2013-09-10,17160,14066,72179,5357130.97,4737093.81,312.18711946386946
2013-09-11,16910,11894,65138,4636476.74,4075727.91,274.1854961561207
2013-09-12,15632,11865,60436,3865949.23,3502787.78,247.30995585977482
2013-09-13,17916,12765,59697,3034568.95,2783517.1,169.37759265461042
2013-09-14,16694,12421,90074,3664631.38,3289032.18,219.51787348748053
2013-09-15,15207,11403,64405,3078369.62,2753095.6,202.43109226014337
2013-09-16,16977,12773,84823,3927167.34,3489729.16,231.32280968368968
2013-09-17,19210,15448,69626,5410121.46,4728526.43,281.6304768349818
2013-09-18,19581,14167,80144,4460453.69,3992756.75,227.7949895306675
2013-09-19,15000,11585,73236,2995364.48,2599191.98,199.69096533333334
2013-09-20,18009,13483,64698,3316913.08,3045593.87,184.18085845965908
2013-09-21,16298,12409,85777,3799564.88,3399323.86,233.13074487667197
2013-09-22,17457,13570,77141,3243304.2,2980813.06,185.78817666265684
2013-09-23,13116,10363,70856,4426354.9,3977701.82,337.4775007624276
2013-09-24,18830,14326,90846,4673257.46,4051335.39,248.18149017525226
2013-09-25,16433,12462,72743,4851490.55,4336304.71,295.2285370900018
2013-09-26,16255,11501,53823,4120039.5,3761711.17,253.46290372193172
2013-09-27,15631,12772,85398,4676571.41,4202205.54,299.1856829377519
2013-09-28,19359,15652,74052,7035889.97,6246182.51,363.44284157239525
2013-09-29,19815,14640,88791,5087376.98,4359895.07,256.7437284885188
2013-09-30,17778,13505,90690,5768935.23,5117966.77,324.49855045561935
2013-10-01,13710,9680,52584,5389130.81,4591599.54,393.08029248723557
2013-10-02,12941,9851,71024,5393969.29,4651419.05,416.8124016691137
2013-10-03,13080,9748,44993,2026611.74,1672946.51,154.9397354740061
2013-10-04,15477,12022,78604,2912944.43,2284930.64,188.21117981520968
2013-10-05,13994,10098,68009,2463961.82,1952842.64,176.07273259968557
2013-10-06,14105,11490,70993,2875234.12,2170808.86,203.8450280042538
2013-10-07,12570,9552,45109,2084519.3,1674894.34,165.83287987271282
2013-10-08,13093,10025,58429,2982770.86,2404722.52,227.81416482089665
2013-10-09,12218,9764,50149,3524600.98,2822967.5,288.4760991979047
2013-10-10,13055,10029,43148,4018321.34,3267316.51,307.7994132516277
2013-10-11,13725,9778,64212,1938342.36,1556262.82,141.22713005464482
2013-10-12,13023,10257,64771,3170838.37,2562812.71,243.47987176533826
2013-10-13,13045,9157,51450,3719451.39,2946745.46,285.124675354542
2013-10-14,14459,11334,50446,3097590.81,2398025.79,214.23271388062798
2013-10-15,13895,11304,65905,4062456.23,3281418.54,292.3682065491184
2013-10-16,12929,9667,64283,4801027.51,3944302.72,371.33788460051045
2013-10-17,12216,9304,57228,3348412.32,2713865.33,274.1005500982318
2013-10-18,12323,9163,60959,3238854.55,2560313.88,262.8300373285726
2013-10-19,11963,9407,54624,3376648.2,2769325.22,282.25764440357773
2013-10-20,14009,10602,54466,2888479.98,2302148.44,206.1874494967521
2013-10-21,12745,9506,53990,3409990.75,2751364.44,267.55517850137306
2013-10-22,14589,10511,47642,3932052.89,3189287.97,269.5217554321749
2013-10-23,13717,10722,60164,4895108.72,3861527.06,356.8643814245097
2013-10-24,12783,9260,50277,4333852.18,3403031.49,339.0324790737698
2013-10-25,12510,9642,46132,3503713.92,2743366.59,280.0730551558753
2013-10-26,12422,8842,45914,2923604.47,2331573.03,235.35698518757044
2013-10-27,13304,10333,64827,2949737.88,2365410.99,221.71812086590498
2013-10-28,14257,11502,64149,3235799.73,2588267.2,226.9621750718945
2013-10-29,15101,11332,69384,5981959.98,4833162.34,396.1300562876631
2013-10-30,11718,8876,59818,6960811.52,5563340.73,594.0272674517836
2013-10-31,15782,12006,85169,5649038.29,4525813.51,357.9418508427322
2013-11-01,13644,10009,46358,4823330.61,3780905.84,353.5129441512753
2013-11-02,11668,9313,57812,4871579.51,3874376.58,417.51624185807333
2013-11-03,11609,8407,59878,2310551.56,1894570.42,199.0310586613834
2013-11-04,10715,8320,47693,2638652.15,2128739.96,246.25778348110126
2013-11-05,11604,8132,44253,3529966.51,2818098.89,304.2025603240262
2013-11-06,10138,7332,55455,2440647.75,1890461.99,240.74252811205366
2013-11-07,9896,7936,41435,2145217.46,1755584.37,216.7762186742118
2013-11-08,11835,9472,50627,2200221.02,1790704.8,185.90798648077737
2013-11-09,11950,8786,61115,2018930.67,1594615.53,168.94817322175732
2013-11-10,11694,8912,52770,2722218.97,2099682.78,232.78766632461094
2013-11-11,12691,10310,49619,3495969.18,2676318.51,275.4683775904184
2013-11-12,10332,7718,56650,5162437.56,3979066.87,499.6552032520325
2013-11-13,10669,7530,43743,4681263.25,3622930.35,438.7724482144531
2013-11-14,10545,7419,41667,3118904.74,2460188.52,295.77095685158844
2013-11-15,10155,8283,45684,3370811.62,2719077.99,331.9361516494338
2013-11-16,10651,7729,53104,3365890.12,2733920.22,316.01634776077367
2013-11-17,12887,10510,44818,2416530.15,1906202.04,187.51688911305968
2013-11-18,12188,9286,39130,2109164.6,1778409.36,173.05255989497869
2013-11-19,11008,8981,50511,3237660.32,2746026.34,294.11885174418603
2013-11-20,11167,9011,38482,3321114.32,2983892.23,297.404344944927
2013-11-21,11384,9190,49377,2595234.4,2362389.95,227.97210119465916
2013-11-22,11413,9153,40833,2550262.64,2542345.82,223.45243494260933
2013-11-23,11180,8348,47452,2054330.57,2011741.48,183.75049821109124
2013-11-24,11573,8198,52687,2519706.85,2537974.67,217.72287652294133
2013-11-25,11593,9021,39009,2406331.38,2358037.25,207.567616665229
2013-11-26,12310,9377,51458,3107204.99,3083734.78,252.41307798537775
2013-11-27,12543,10098,65740,3123410.59,3027393.58,249.01623136410745
2013-11-28,10476,7994,55311,3580033.44,3514991.8,341.73667812142037
2013-11-29,11266,8171,45345,1768057.43,1773822.57,156.93746050062134
2013-11-30,11143,8100,53974,2685677.46,2672025.29,241.01924616351073
2013-12-01,12906,9103,46795,2391698.09,2420438.06,185.31675887184255
2013-12-02,12341,9953,43684,2263746.75,2226485.61,183.43300785997894
2013-12-03,14986,12043,65628,1933337.47,1904782.57,129.00957360202855
2013-12-04,13847,10991,54490,2924599.17,2877557.67,211.20814400231097
2013-12-05,12296,8669,53642,2231578.75,2246889.53,181.4881872153546
2013-12-06,12192,9853,54072,1718341.54,1744505.5,140.9400869422572
2013-12-07,12562,8902,51547,1444180.43,1408359.66,114.96421190893169
2013-12-08,13175,9415,45023,1714762.98,1677034.75,130.15278785578747
2013-12-09,14634,10378,61409,1959405.6,1928205.78,133.8940549405494
2013-12-10,14413,10733,46851,2256213.74,2198430.55,156.540188718518
2013-12-11,13334,9646,50387,3016597.65,3024225.14,226.23351207439626
2013-12-12,13714,10039,62414,2988571.87,2946591.17,217.92123887997667
2013-12-13,13337,9763,69039,2131538.29,2083673.81,159.8214208592637
2013-12-14,12138,9093,60465,2245758.87,2305729.18,185.01885565991103
2013-12-15,12391,10022,52207,2154695.59,2095032.07,173.89198531191994
2013-12-16,12596,9700,58261,2694197.04,2720062.14,213.8930644649095
2013-12-17,13408,10752,57040,3167410.81,3021649.06,236.23290647374702
2013-12-18,13825,10901,72395,3189533.36,3219583.56,230.70765714285713
2013-12-19,13925,11168,63968,3062553.19,2981811.67,219.93200646319568
2013-12-20,10678,8634,38513,2500743.7,2516358.41,234.19588874321036
2013-12-21,11879,8813,56301,3213344.27,3159953.94,270.50629430086707
2013-12-22,13955,9944,47679,3476225.97,3458589.82,249.10254174131137
2013-12-23,13029,10369,52511,2932660.62,2856672.71,225.087160948653
2013-12-24,12470,9370,54463,2629786.52,2542278.8,210.8890553327987
2013-12-25,13141,10384,67446,3807864.44,3711704.9,289.7697618141694
2013-12-26,13040,9292,57219,3278628.42,3269160.78,251.4285598159509
2013-12-27,12152,8597,59360,1853472.36,1854636.14,152.5240585911784
2013-12-28,13571,10335,71175,3547336.16,3487806.62,261.39091887112227
2013-12-29,14050,11493,56883,6516622.75,6506519.56,463.81656583629893
2013-12-30,11723,8674,59465,5792994.45,5695206.04,494.15631237737784
2013-12-31,14417,11430,46209,6247467.59,6080338.22,433.34033363390444
2014-01-01,10162,8295,36165,5743739.48,5563113.31,565.2174257036017
2014-01-02,12776,10056,46028,3787850.5,3666330.68,296.48172354414527
2014-01-03,10230,8247,42607,2354832.6,1871645.41,230.18891495601173
2014-01-04,11496,8503,57148,2243604.06,1747621.88,195.16388830897705
2014-01-05,8870,6926,44512,2361866.5,1851453.14,266.27581736189404
2014-01-06,10178,7568,55426,2639202.87,2146455.69,259.3046639811358
2014-01-07,10724,7860,45535,3437125.39,2809411.95,320.5077760164118
2014-01-08,11340,9281,41050,2250519.73,1808614.16,198.4585299823633
2014-01-09,12137,9810,46390,2214274.18,1884156.18,182.43999176073166
2014-01-10,10545,8273,53901,1886360.71,1560748.05,178.88674348032242
2014-01-11,11306,9172,52326,2550841.93,2031865.95,225.618426499204
2014-01-12,10212,7242,48240,2172729.29,1773388.32,212.76236682334508
2014-01-13,11373,8627,58511,2467719.52,1991302.84,216.98052580673524
2014-01-14,9693,7471,36668,3356963.59,2731972.75,346.32864850923346
2014-01-15,10310,7878,44709,3637788.72,2842296.43,352.8408069835112
2014-01-16,11632,8624,55483,2005770.41,1635446.76,172.43555794360384
2014-01-17,10035,7721,34898,2464459.86,2002144.2,245.58643348281015
2014-01-18,11008,7875,51195,1718246.3,1332157.65,156.0906885901163
2014-01-19,10951,8766,39504,2453121.94,1918965.99,224.0089434754817
2014-01-20,10678,8033,41933,3133739.97,2422846.03,293.47630361490917
2014-01-21,12658,10040,58632,3590697.9,2848601.86,283.67024016432293
2014-01-22,11638,9145,51241,3244854.06,2563525.38,278.8154373603712
2014-01-23,8560,6503,36491,3187811.81,2528375.63,372.407921728972
2014-01-24,10811,8705,44738,1812010.8,1397879.36,167.60806585884748
2014-01-25,11205,8252,55016,2221742.74,1777122.99,198.28136903168232
2014-01-26,9240,6492,46324,2002533.83,1553846.68,216.7244404761905
2014-01-27,7973,6381,31862,2983790.31,2360438.19,374.236838078515
2014-01-28,11746,8341,61175,5411096.61,4320849.3,460.6756861910438
2014-01-29,12266,9150,42684,4892083.36,3928929.64,398.8328191749552
2014-01-30,9689,7229,34153,3844256.32,3007196.76,396.76502425430897
2014-01-31,9999,7139,45816,3732079.59,2938223.15,373.24528352835284
2014-02-01,15250,10976,74103,3825094.63,3049434.19,250.82587737704918
2014-02-02,15769,11975,54002,2382294.19,1885054.33,151.0745253345171
2014-02-03,15293,12184,75902,2051412.93,1563684.31,134.14064800889295
2014-02-04,15527,11742,63891,2787111.54,2197609.21,179.5009686352805
2014-02-05,14372,10247,59542,2599325.56,2019260.92,180.86039242972447
2014-02-06,17900,13155,75113,2415914.42,1966150.9,134.96728603351954
2014-02-07,16078,11903,80234,3381887.13,2654650.93,210.3425258116681
2014-02-08,16853,12274,90385,2907660.51,2328115.15,172.53073696077848
2014-02-09,16200,11546,85048,2947940.87,2410207.36,181.97165864197532
2014-02-10,15696,11222,73058,3705563.44,2772562.54,236.0832976554536
2014-02-11,14584,11159,63707,4637151.61,3649526.8,317.9615750137137
2014-02-12,14476,10599,47339,3457342.17,2728834.4,238.8327003315833
2014-02-13,16062,12629,78816,3190217.92,2601375.48,198.61897148549372
2014-02-14,14509,11532,61350,2632487.0,2058838.35,181.4382107657316
2014-02-15,14141,10885,63673,2873057.42,2155414.19,203.1721533130613
2014-02-16,15943,12928,83331,3990264.22,3220526.51,250.28314746283635
2014-02-17,14961,12046,63357,3757742.25,3005221.34,251.16918989372368
2014-02-18,15257,11443,57332,4902775.35,3900047.01,321.3459625090122
2014-02-19,15472,11216,62065,4469573.84,3530912.16,288.88145294725956
2014-02-20,15337,11846,72379,3050037.65,2452045.97,198.86794353524158
2014-02-21,12479,9867,62474,3394380.68,2732646.22,272.00742687715365
2014-02-22,16863,12049,89182,4262143.74,3402076.06,252.7512150862836
2014-02-23,18734,14921,100009,3997442.72,3186343.91,213.3790285043237
2014-02-24,16007,11852,56518,4743111.4,3834496.32,296.3148247641657
2014-02-25,17906,12878,67027,6869199.08,5572490.58,383.62554897799623
2014-02-26,15690,12798,75723,7766238.39,6157127.45,494.9801395793499
2014-02-27,16405,11852,58497,5932389.78,4717814.02,361.6208338921061
2014-02-28,13184,10619,64378,5511196.67,4511480.57,418.0215920813107
2014-03-01,23068,18188,89795,4400079.49,3611872.46,190.74386552800416
2014-03-02,23861,17740,83970,4943352.33,3968450.0,207.17289007166505
2014-03-03,22641,15964,108362,3637156.46,2881941.03,160.64469148889182
2014-03-04,20167,16226,97482,4742209.79,3846248.96,235.1470119502157
2014-03-05,23200,16311,80376,5310211.41,4366670.54,228.8884228448276
2014-03-06,24291,18643,86328,5506734.13,4454685.13,226.69853567164793
2014-03-07,20656,16435,109054,3167820.98,2582186.62,153.3608142912471
2014-03-08,20789,15662,93141,3577664.95,2914921.51,172.09413391697532
2014-03-09,20453,15397,92789,3828277.38,3070464.44,187.1743695301423
2014-03-10,22824,16607,119164,4725035.68,3759283.28,207.02049071153172
2014-03-11,21099,15989,103643,5775004.59,4559934.88,273.70987203184984
2014-03-12,21452,16567,83714,6930320.53,5534691.64,323.0617438933433
2014-03-13,22441,16314,121601,5304893.97,4244468.26,236.39294015418207
2014-03-14,21483,15918,116693,4544809.4,3647946.39,211.55375878601686
2014-03-15,21970,16562,77321,4691387.16,3744464.98,213.53605644060082
2014-03-16,24630,17335,97783,5553669.8,4426899.92,225.48395452699958
2014-03-17,23340,16575,125068,6623777.28,5406586.76,283.7950848329049
2014-03-18,21053,16281,111523,5707570.51,4657479.17,271.1048548900394
2014-03-19,21922,16740,74242,7282983.0,6147005.74,332.22256181005383
2014-03-20,20278,15014,82640,6459634.76,5394910.61,318.55383962915477
2014-03-21,21123,16314,83362,4506741.28,3883392.78,213.35706481086967
2014-03-22,21770,16029,96726,4682426.76,4390336.24,215.08620854386768
2014-03-23,20889,15510,67631,5239607.0,4727286.58,250.8309157930011
2014-03-24,18783,14040,72777,5516390.06,5135733.73,293.69057445562476
2014-03-25,20978,15803,73386,6858764.17,6248964.6,326.95033701973495
2014-03-26,20541,16241,84830,7966063.19,7366934.0,387.81282264738815
2014-03-27,22481,18073,111766,8330175.47,7600114.49,370.5429238023219
2014-03-28,21260,16689,81224,5747360.19,5214181.96,270.33679162746944
2014-03-29,24623,19993,90493,6857129.34,6302802.0,278.48472322625184
2014-03-30,21014,17170,96869,12784107.1,11757805.12,608.3614304749215
2014-03-31,23037,16851,99689,12312523.89,11321960.71,534.4673303815601
2014-04-01,31669,24005,146762,12163891.23,11150883.99,384.0945792415296
2014-04-02,31084,23844,121167,13046471.25,11843249.22,419.7166146570583
2014-04-03,27680,21795,123121,9642469.77,8683847.27,348.3551217485549
2014-04-04,33564,27006,178036,3027057.03,2762337.1,90.18761262066499
2014-04-05,29571,20726,141514,4578612.03,4277766.79,154.83453484833115
2014-04-06,29897,24048,113402,4749333.13,4416528.48,158.85651169013613
2014-04-07,27724,20365,96746,4614814.59,4275798.75,166.4555832491704
2014-04-08,27636,20497,143557,6392830.04,5806623.81,231.3225517441019
2014-04-09,29270,21990,145987,6139037.72,5584747.6,209.73822070379228
2014-04-10,29376,21760,105496,5203589.72,4738923.88,177.13744961873638
2014-04-11,27935,22850,118469,5105964.56,4552400.07,182.78018829425451
2014-04-12,28989,20697,124163,5687376.75,5248378.46,196.19085687674635
2014-04-13,32172,24250,152724,4945405.38,4494711.75,153.71768556508766
2014-04-14,28984,21787,99668,6921493.59,6054527.76,238.80394666022633
2014-04-15,31036,22252,162557,7871571.71,6776042.49,253.62713332903724
2014-04-16,29288,23345,143059,7912857.96,6785359.76,270.17406309751436
2014-04-17,26998,19652,95425,5557754.18,4737292.06,205.8579961478628
2014-04-18,28486,23229,108624,5700339.67,4462371.41,200.11021800182544
2014-04-19,31395,22973,144900,6624958.05,5350753.37,211.01952699474438
2014-04-20,30149,23019,144722,6418388.34,5065177.85,212.88892964940794
2014-04-21,32674,23745,140656,8414591.83,6893636.69,257.53173257023934
2014-04-22,32103,25911,159800,10131097.46,8109722.27,315.5810192193876
2014-04-23,26922,21973,128715,8191044.84,6573636.73,304.2509783819924
2014-04-24,28696,22691,100395,6761050.63,5427294.9,235.6095145664901
2014-04-25,32626,23330,149274,7297129.72,5878423.04,223.6599558634218
2014-04-26,28597,20330,120686,7473782.26,5884034.36,261.34847221736544
2014-04-27,31694,22215,170628,9019804.81,7060147.55,284.590295008519
2014-04-28,27759,21830,138714,11814441.72,9367036.91,425.60761266616237
2014-04-29,32248,25948,163941,17347427.27,13752034.86,537.9380820516001
2014-04-30,30939,23211,133474,13811054.06,10868835.13,446.3962655548014
2014-05-01,25885,19449,123888,13289875.45,10604429.39,513.4199517094843
2014-05-02,31644,24370,153075,9037359.63,7277515.81,285.5947298065984
2014-05-03,28317,20767,114920,8214103.42,6577016.62,290.07675318713143
2014-05-04,27998,22585,124889,2887053.22,2293661.95,103.11640902921638
2014-05-05,25934,20515,98145,4251113.98,3397014.1,163.92048970463486
2014-05-06,28880,20727,132987,5130961.6,4130431.51,177.66487534626037
2014-05-07,30417,21334,105056,6175024.0,5012292.24,203.01226287931092
2014-05-08,22054,15883,78562,6845994.59,5424944.1,310.41963317312053
2014-05-09,26222,21344,92295,3896896.85,3172234.57,148.61173251468233
2014-05-10,25378,18460,109459,5476367.67,4341371.17,215.7919327764205
2014-05-11,29095,21081,94942,5960839.36,4817268.38,204.8750424471559
2014-05-12,28899,22803,134458,6171798.51,4876269.62,213.56443164123326
2014-05-13,26739,21724,92280,6357034.06,5124302.35,237.7438969295785
2014-05-14,25709,19377,111615,8953168.22,7238881.78,348.2503489050527
2014-05-15,30110,24293,157951,7521179.22,5970183.39,249.79007705081366
2014-05-16,27531,20857,105553,7254155.54,5828882.18,263.4904485852312
2014-05-17,26128,20836,123104,6473741.19,5173264.38,247.77025375076548
2014-05-18,25658,18281,96643,7502869.16,6017924.93,292.41831631459974
2014-05-19,29037,21645,134048,6717427.22,5373895.24,231.3402631125805
2014-05-20,29515,22535,159233,6998009.98,5565704.32,237.10011790614942
2014-05-21,27548,20709,139667,9232803.8,7257287.25,335.1533251052708
2014-05-22,27824,22650,112503,8682669.79,6984588.89,312.0568498418631
2014-05-23,28489,22749,96527,6481511.11,5117307.95,227.50925304503494
2014-05-24,25209,19652,92373,5624884.34,4535522.53,223.1300067436233
2014-05-25,30338,21404,120860,7834743.41,6254562.47,258.2485137451381
2014-05-26,29609,23230,125918,7196331.6,5750840.38,243.0454118680131
2014-05-27,30146,22918,145944,11197544.52,8926851.08,371.4437908843627
2014-05-28,27952,22186,110221,14237002.33,11276884.86,509.3375189610761
2014-05-29,30992,23883,135079,12708438.64,10157319.36,410.0554543107899
2014-05-30,28560,22570,116268,13573669.01,10729950.95,475.26852275910363
2014-05-31,27754,22518,120629,12424970.9,9985304.33,447.6821683360957
2014-06-01,28531,21625,139896,11536710.05,9170211.02,404.3570169289545
2014-06-02,29119,22466,98811,10120772.07,8076952.84,347.5659215632405
2014-06-03,27485,21760,92388,7433951.35,5784897.37,270.4730343823904
2014-06-04,31372,24682,167700,6422990.57,5214120.6,204.73640730587786
2014-06-05,30289,22112,134531,4701261.04,3843536.1,155.21347816038826
2014-06-06,27136,22179,118099,4455750.46,3475184.85,164.2007097582547
2014-06-07,31059,24129,145769,5291724.53,4145797.41,170.3765262886764
2014-06-08,28049,20529,129406,5672479.42,4555972.93,202.234640094121
2014-06-09,30401,24133,102124,5745736.68,4655455.78,188.99827900398012
2014-06-10,27671,21455,121832,8176131.42,6751336.8,295.476542951104
2014-06-11,31871,24543,140141,6815089.25,5416132.65,213.83355558344576
2014-06-12,29120,22829,145416,6198469.27,4930278.7,212.85952163461536
2014-06-13,30261,22465,108371,5808360.57,4689299.84,191.9421225339546
2014-06-14,29999,23096,122404,6159350.48,4887308.6,205.31852661755394
2014-06-15,31223,24204,133930,6251988.62,5001362.67,200.2366402972168
2014-06-16,23259,17230,110680,7506669.47,5993922.63,322.74257147770754
2014-06-17,29091,23029,108429,7985873.38,6364228.97,274.5135395826888
2014-06-18,22476,18096,93356,6928139.58,5573372.83,308.24611051788577
2014-06-19,27866,22727,95424,5160401.64,4101123.87,185.1863073279265
2014-06-20,30816,22914,118380,5726955.46,4649863.18,185.84357022326066
2014-06-21,30622,21512,112749,5534870.9,4397465.45,180.74818431193262
2014-06-22,30032,21674,142020,6871043.81,5449439.25,228.79075019978688
2014-06-23,28623,21810,155716,7520898.79,6115811.37,262.7571809384062
2014-06-24,31892,22653,153112,8318751.36,7165579.48,260.8413194531544
2014-06-25,30658,24091,153275,7464560.81,6650267.82,243.4784007436884
2014-06-26,28821,20469,104924,5465498.81,5160550.9,189.63598799486485
2014-06-27,31165,23193,117512,6215342.27,5942103.5,199.43341151933257
2014-06-28,28913,20500,128800,6715989.51,6489880.35,232.2826932521703
2014-06-29,30012,24306,121789,10967240.25,10676762.03,365.42850359856055
2014-06-30,25122,18170,93098,8960784.4,8779889.34,356.6907252607277
2014-07-01,24118,17786,127394,9836345.7,9652958.13,407.8425118169002
2014-07-02,22829,18044,88984,8037264.4,7829854.35,352.0637960488852
2014-07-03,24291,19783,87191,6599126.14,6280312.35,271.6695953233708
2014-07-04,19697,15074,67832,1539342.27,1546984.48,78.15110270599584
2014-07-05,21042,16132,91459,2247607.0,2088267.2,106.8152742134778
2014-07-06,23161,17499,106661,2992177.47,2950653.66,129.1903402271059
2014-07-07,23149,17267,116966,3321041.63,3237780.91,143.4637189511426
2014-07-08,25383,19953,98382,4389991.98,4344681.53,172.95008391443093
2014-07-09,21166,17277,101109,5089459.45,5002533.36,240.45447651894548
2014-07-10,24785,18490,130982,5277348.24,5193788.09,212.9250853338713
2014-07-11,23966,18867,81909,3680744.54,3649066.92,153.58193023449888
2014-07-12,23198,18905,106668,3635150.5,3488161.59,156.70103026122942
2014-07-13,21016,15177,112942,4538183.38,4461396.49,215.93944518462123
2014-07-14,22862,18719,90583,4180514.48,4093927.18,182.85865103665472
2014-07-15,23206,18797,74689,4729914.86,4685468.3,203.8229276911144
2014-07-16,25448,19172,86877,5725200.44,5688906.29,224.97643979880542
2014-07-17,24173,17451,106949,5475110.93,5378778.65,226.49695652173912
2014-07-18,22467,16175,105153,4518235.32,4447047.74,201.10541327280012
2014-07-19,19637,14226,102829,4203668.56,3770693.84,214.06877628965725
2014-07-20,23071,16745,125329,4322625.55,3600969.69,187.3618633782671
2014-07-21,23563,16839,117759,4796649.21,3768111.9,203.5669995331664
2014-07-22,20852,16050,98954,6208113.76,5011530.91,297.7227009399578
2014-07-23,20563,16788,99371,7566031.17,5950276.5,367.9439366823907
2014-07-24,20142,15456,101375,5905615.09,4674430.56,293.1990413067223
2014-07-25,23097,18708,79029,4437108.92,3571085.86,192.1075862666147
2014-07-26,24247,19552,103070,4875867.56,3838617.04,201.09158081412133
2014-07-27,21988,16247,95568,4695097.96,3728682.43,213.53001455339276
2014-07-28,22670,15945,97809,5659848.32,4577648.87,249.66247551830614
2014-07-29,18711,13949,72733,8325936.32,6673852.31,444.9754860777083
2014-07-30,24281,17908,81246,9849002.97,7950504.57,405.62592026687537
2014-07-31,19708,14084,101207,12499623.55,10113088.37,634.2410975238482
2014-08-01,24466,19362,115362,10268362.3,8266400.63,419.69926837243526
2014-08-02,24590,19673,104410,9437585.35,7486465.1,383.79769621797476
2014-08-03,27896,22287,129445,8311634.97,6613684.99,297.95078039862346
2014-08-04,25170,19950,101848,7920532.02,6253439.86,314.6814469606674
2014-08-05,25018,19903,86055,4783590.74,3865614.98,191.20596130785836
2014-08-06,23442,17709,121906,5768372.14,4433911.0,246.069965873219
2014-08-07,23454,18090,102654,4368310.48,3451434.03,186.2501270572184
2014-08-08,23334,18245,121130,2772020.29,2220747.24,118.79747535784692
2014-08-09,25341,20285,126650,3001539.63,2354553.12,118.44598200544571
2014-08-10,29231,23328,140174,3823485.27,3003127.77,130.80241079675687
2014-08-11,23585,17452,106386,4332284.65,3523421.42,183.6881344074624
2014-08-12,26756,19620,99842,4968367.41,3950793.43,185.69171064434147
2014-08-13,27052,21739,105616,5893608.69,4708354.21,217.86221684163834
2014-08-14,24462,18052,95230,5049141.59,3986642.15,206.40755416564465
2014-08-15,26593,20242,111317,4964547.64,3886890.99,186.68625728575188
2014-08-16,23490,18504,108705,4183136.08,3312917.75,178.0815700297999
2014-08-17,27595,19440,123897,4553293.21,3569236.73,165.00428374705564
2014-08-18,24284,18786,92056,3852897.93,3032853.62,158.65993781914017
2014-08-19,27530,20093,130665,5491853.95,4329773.16,199.48615873592445
2014-08-20,26262,21171,141919,6252896.94,5003338.92,238.09675348412156
2014-08-21,24400,18452,124494,5420386.94,4272987.79,222.14700573770494
2014-08-22,27609,20885,122171,3980335.94,3221586.25,144.16805896627912
2014-08-23,20691,14501,70328,3604919.44,2824202.4,174.2264482141994
2014-08-24,24220,16963,109986,3975022.95,3208598.81,164.12150908340215
2014-08-25,22239,17722,121773,4982068.72,3931111.8,224.02395431449256
2014-08-26,26573,21345,139315,5315751.01,4151656.84,200.04331501900424
2014-08-27,24745,19165,121324,7880420.55,6267001.76,318.4651667003435
2014-08-28,24844,17570,112442,13900846.53,11188888.43,559.5252990661729
2014-08-29,21406,16216,91997,12683009.27,10136587.4,592.4978636830795
2014-08-30,24035,19477,110772,11574198.37,9088009.4,481.55599625546074
2014-08-31,26386,21171,93476,11951398.65,9415326.58,452.9446922610475
2014-09-01,15632,12444,65725,10306541.25,8432677.93,659.3232631780962
2014-09-02,17927,14108,89498,1980913.22,1699049.31,110.49886874546773
2014-09-03,18132,12780,84311,2013419.84,1783705.47,111.04234723141408
2014-09-04,18744,14326,80286,2079554.62,1858190.69,110.94508215962442
2014-09-05,16761,12802,82021,3009749.32,2650108.54,179.56860091879958
2014-09-06,16392,12341,61013,2651615.67,2379303.77,161.76279099560762
2014-09-07,16882,11861,62446,3257294.39,2733813.81,192.94481637246773
2014-09-08,19692,14268,82611,3789247.34,3234658.91,192.42572313629898
2014-09-09,17866,13307,93827,3050893.58,2636295.62,170.76534087092801
2014-09-10,17022,12401,68700,2734213.18,2344334.17,160.62819762660087
2014-09-11,20363,16145,73927,3603376.76,3063452.95,176.95706722977948
2014-09-12,18930,14320,68622,3387921.49,2941397.85,178.97102430005285
2014-09-13,16596,12438,69578,4488375.88,3882301.0,270.44925765244636
2014-09-14,18068,14667,86883,4664595.04,4241668.09,258.16886429045826
2014-09-15,19576,15904,77829,3434401.74,2989155.15,175.43940232938294
2014-09-16,17833,13068,89080,3499018.93,3094674.95,196.21033645488703
2014-09-17,19329,15498,74137,2159581.94,1891350.86,111.72755652128924
2014-09-18,16909,12993,86844,3245614.46,2827312.43,191.94597315039329
2014-09-19,17146,12184,80820,3152106.06,2800614.8,183.83914965589642
2014-09-20,18727,13698,92596,3934660.56,3508771.25,210.1062935867998
2014-09-21,20058,16359,105471,4973677.98,4472971.42,247.96480107687708
2014-09-22,18738,14953,90705,4691002.44,4096769.99,250.34701889209097
2014-09-23,16222,11492,84429,3267077.04,2950868.62,201.39791887560105
2014-09-24,20395,14373,70771,3651189.03,3193891.83,179.02373277764156
2014-09-25,16861,12170,58732,3991936.34,3513164.66,236.75560998754523
2014-09-26,16789,12429,81845,4802241.84,4364819.46,286.035013401632
2014-09-27,17582,13905,90452,5922266.1,5104748.73,336.8368843135024
2014-09-28,16535,13449,72467,6894981.49,6104020.61,416.9931351678258
2014-09-29,18334,14785,75135,6358369.55,5385912.36,346.8075460892331
2014-09-30,18116,14166,65756,5625701.93,4992117.65,310.53775281519097
2014-10-01,13714,11107,47236,4131059.59,3367707.8,301.22937071605656
2014-10-02,14951,11807,64104,2166020.29,1638411.83,144.874609725102
2014-10-03,14457,10862,65675,2713373.58,2209685.83,187.6857978833783
2014-10-04,17077,12974,80251,3061013.56,2383424.37,179.24773437957487
2014-10-05,15183,11554,55577,3514973.01,2703049.67,231.50714680893103
2014-10-06,12954,10312,70101,4584954.57,3714150.0,353.941220472441
2014-10-07,17560,12448,82066,3826571.36,3029706.85,217.91408656036447
2014-10-08,15104,11381,75821,3298742.48,2595357.42,218.40191207627117
2014-10-09,14880,12129,63532,2480246.09,1949299.28,166.68320497311828
2014-10-10,13932,10677,45811,3324677.65,2616526.38,238.6360644559288
2014-10-11,15700,12404,51310,3249272.4,2455378.82,206.960025477707
2014-10-12,13762,10895,57265,3964814.61,3263898.52,288.0987218427554
2014-10-13,15576,11706,80230,5257692.13,4155288.51,337.5508558038007
2014-10-14,12392,8920,40016,5353820.23,4242284.88,432.0384304389929
2014-10-15,14941,11279,74168,3174858.73,2517101.9,212.49305468174822
2014-10-16,16025,12454,81588,3035433.21,2343522.12,189.41860904836193
2014-10-17,12793,9282,56849,3041887.24,2405340.07,237.77747518174004
2014-10-18,15622,11140,65864,3295901.64,2641429.14,210.97821277685316
2014-10-19,14950,11746,62246,3906454.96,3097527.04,261.30133511705685
2014-10-20,14868,12106,79044,4406719.83,3563304.85,296.3895500403551
2014-10-21,15123,11498,74369,4158469.93,3334418.16,274.976521192885
2014-10-22,15703,12727,57449,3185076.38,2622321.88,202.8323492326307
2014-10-23,14961,11645,61683,3397945.31,2701811.9,227.120199852951
2014-10-24,14037,11129,57829,2910624.78,2393219.16,207.35376362470612
2014-10-25,14637,11786,73636,3710088.5,3052761.25,253.4732868757259
2014-10-26,13360,9804,50893,3332635.64,2620840.72,249.44877544910182
2014-10-27,15039,11386,50863,5247620.14,4151809.58,348.93411397034373
2014-10-28,14021,10144,72386,6122484.1,4933576.08,436.6652949147707
2014-10-29,15156,11304,81976,6191276.35,4949513.22,408.50332211665346
2014-10-30,11932,8733,43393,6250389.79,4894988.48,523.8342096882333
2014-10-31,12268,9791,56527,4687679.79,3734196.88,382.1062756765569
2014-11-01,12350,9430,59845,4474322.51,3463929.06,362.29332064777327
2014-11-02,9858,7662,48176,3503909.61,2759213.27,355.43818320146073
2014-11-03,9271,7343,50990,2511155.37,1925980.79,270.86132779635426
2014-11-04,12479,9521,50077,1758772.81,1413005.18,140.9386016507733
2014-11-05,11136,8963,40264,2080412.08,1649512.63,186.81861350574712
2014-11-06,13338,9880,51475,2338580.92,1815525.82,175.33220272904484
2014-11-07,10458,7811,57426,2391118.65,1914802.56,228.64014629948363
2014-11-08,11955,8407,42948,2603594.99,2058134.47,217.78293517356755
2014-11-09,11303,8853,41316,3896973.5,2948324.76,344.7733787490047
2014-11-10,11746,8557,42791,3578790.21,2955883.0,304.6816116124638
2014-11-11,13374,10001,45285,3265211.84,2544268.23,244.14624196201584
2014-11-12,12915,9215,50492,2687977.35,2131053.41,208.1283275261324
2014-11-13,12214,9340,58391,3661668.42,2973473.14,299.79273129196
2014-11-14,12350,9904,50649,4104922.66,3206387.48,332.3824016194332
2014-11-15,14001,10578,46627,3332537.35,2666922.09,238.02138061567032
2014-11-16,12751,9058,42064,3926705.12,3165100.53,307.9527190024312
2014-11-17,13636,10191,74385,3901928.25,3135379.39,286.14903564095044
2014-11-18,11650,9470,39351,2299920.21,1777742.22,197.41804377682402
2014-11-19,14539,11513,63846,2365334.24,2037392.28,162.68892220923036
2014-11-20,11778,9547,62074,2712056.74,2364468.06,230.26462387502124
2014-11-21,14690,10969,49729,2642726.69,2469983.77,179.8997066031314
2014-11-22,11106,8861,43498,2355839.63,2373102.5,212.12314334593913
2014-11-23,11209,8434,45394,2702782.41,2732923.6,241.12609599429032
2014-11-24,11794,9133,54219,2994851.12,2989623.83,253.930059352213
2014-11-25,13405,10873,69008,1951300.95,1961306.08,145.56515852293919
2014-11-26,13829,10685,63366,3005133.94,3070985.43,217.30667004121773
2014-11-27,11438,8649,52208,4582936.62,4552287.3,400.67639622311594
2014-11-28,11931,8377,47295,3803816.23,3776489.22,318.8178886933199
2014-11-29,13244,10019,49923,3693923.36,3714680.69,278.91296889157354
2014-11-30,12733,9914,61026,4164373.0,4139199.1,327.0535616115605
2014-12-01,13705,9764,53255,3293606.72,3371041.49,240.32154104341484
2014-12-02,13930,10971,54294,1913468.28,1934027.84,137.36312132089017
2014-12-03,12384,9270,45118,1725054.96,1639460.56,139.29707364341084
2014-12-04,14206,10153,52846,1490172.71,1377244.92,104.89741728846965
2014-12-05,13501,10608,49671,1855814.16,1814623.65,137.45753351603585
2014-12-06,12995,9605,70307,2498471.96,2457252.11,192.26409849942286
2014-12-07,14178,10013,75929,2209128.82,2214964.0,155.81385385809
2014-12-08,10946,7808,41963,3029845.63,2938276.72,276.7993449661977
2014-12-09,15116,10581,61132,3265900.4,3069037.78,216.05586133897856
2014-12-10,13155,10761,69185,2659858.85,2559688.79,202.19375522614976
2014-12-11,12828,10374,62511,2499031.03,2479880.93,194.81065091986278
2014-12-12,14397,10681,55748,2451281.84,2348048.7,170.26337709244982
2014-12-13,15411,12030,59202,2618181.33,2655502.75,169.8904243722017
2014-12-14,12133,9704,55972,2868448.18,2822169.24,236.4170592598698
2014-12-15,14071,10058,67194,3675108.42,3622573.69,261.1831724824106
2014-12-16,14337,11208,71824,3587166.39,3452397.12,250.20341703285206
2014-12-17,13526,9659,48171,2950563.8,2911687.56,218.14015969244417
2014-12-18,13579,10491,45698,2684991.91,2614938.98,197.73119596435674
2014-12-19,12495,9094,55293,3424258.6,3465424.79,274.0503081232493
2014-12-20,12762,9406,55784,3898670.99,3764085.99,305.49059630152016
2014-12-21,11970,8637,45192,4372128.59,4286124.01,365.25719214703423
2014-12-22,13175,10041,61750,3430574.36,3435107.36,260.38515066413663
2014-12-23,16728,12230,72737,2791569.02,2665014.26,166.88002271640363
2014-12-24,15005,11921,78947,2610156.84,2591612.44,173.9524718427191
2014-12-25,14984,11307,62313,2573745.23,2584515.85,171.76623264815802
2014-12-26,12836,10452,50229,2922497.3,2877653.62,227.6797522592708
2014-12-27,12176,9846,39355,3575283.76,3538078.72,293.6336859395532
2014-12-28,14412,11054,78580,8484445.21,8405135.96,588.70699486539
2014-12-29,14420,11734,47763,7063840.79,6908131.26,489.8641324549237
2014-12-30,14751,11393,55478,5708142.92,5488862.89,386.9665053216731
2014-12-31,14154,10690,63205,5625288.94,5528179.38,397.434572558994
2015-01-01,11938,9703,49079,4576460.18,4315048.16,383.35233539956437
2015-01-02,12631,8889,62686,1625420.31,1281805.11,128.68500593777216
2015-01-03,11528,8833,40725,1176312.94,876576.96,102.03963740458015
2015-01-04,10546,7828,51512,2651400.23,2169221.09,251.41287976483974
2015-01-05,11328,9200,48905,2457539.39,1930809.0,216.94380208333334
2015-01-06,9268,7471,38649,1621284.62,1301383.65,174.9336016400518
2015-01-07,10147,7857,33888,1981408.07,1560596.56,195.27033310338032
2015-01-08,8997,6847,34451,1318438.15,1057739.56,146.54197510281205
2015-01-09,12849,10119,58922,2144901.8,1679915.91,166.93141878745425
2015-01-10,11873,8645,64601,1830727.22,1385986.39,154.19247199528343
2015-01-11,11735,8824,58810,3254430.17,2604455.39,277.3268146570089
2015-01-12,12986,10533,59184,2427966.79,1902989.93,186.9680263360542
2015-01-13,11908,9263,38118,2138729.21,1742327.89,179.60440124286194
2015-01-14,12735,9340,50389,2835456.9,2191456.13,222.6507184923439
2015-01-15,12630,9430,45764,2047933.05,1631831.77,162.14830166270784
2015-01-16,11982,8884,42069,2569213.44,2030636.7,214.4227541311968
2015-01-17,10268,7696,50373,2588700.22,2035239.72,252.11338332684068
2015-01-18,10164,7618,54711,3021302.7,2433685.6,297.25528335301067
2015-01-19,11734,8493,49230,2851705.68,2258471.9,243.0292892449293
2015-01-20,10857,8425,50716,2455411.13,1957537.38,226.15926406926405
2015-01-21,11368,8795,37330,2603856.87,2019373.54,229.0514488036594
2015-01-22,12159,9424,53924,2683523.21,2190572.01,220.70262439345342
2015-01-23,13034,10656,62656,2703262.73,2149537.87,207.40085392051557
2015-01-24,12673,9972,52366,4004609.82,3181968.24,315.99540913753646
2015-01-25,10995,8907,48943,4665645.74,3747345.78,424.3424956798545
2015-01-26,12273,9523,52623,4084367.08,3209020.3,332.7928851951438
2015-01-27,12089,9078,39559,3116141.82,2455632.77,257.7667151956324
2015-01-28,12441,9685,50069,4612174.41,3603868.33,370.7237689896311
2015-01-29,12264,8882,42039,5300109.93,4295752.25,432.1681286692759
2015-01-30,11133,7908,44130,4336302.07,3457573.62,389.4998715530405
2015-01-31,10453,7595,51485,4195901.17,3269383.7,401.40640677317515
2015-02-01,15593,11059,53441,4977201.37,4063980.38,319.1945982171487
2015-02-02,15910,13006,61981,2901454.29,2325361.53,182.36670584538027
2015-02-03,15721,11891,59210,1779457.49,1427675.21,113.18984097703708
2015-02-04,17552,12726,92236,2496729.14,2129083.48,142.24755811303555
2015-02-05,16196,12951,75150,2500351.24,2064567.04,154.38078784885158
2015-02-06,17363,13848,59004,3457294.9,2699578.13,199.11852214479063
2015-02-07,18408,14137,78214,3570886.94,2952636.69,193.98560082572794
2015-02-08,16090,12699,72582,4197082.23,3455113.24,260.8503561218148
2015-02-09,17476,12915,60213,4490187.64,3675813.84,256.9345181963836
2015-02-10,18527,13995,66887,2813867.9,2247526.75,151.8793058779079
2015-02-11,18408,14673,81784,3311241.3,2623112.64,179.88055736636244
2015-02-12,16304,13006,62018,3468141.29,2797170.91,212.71720375368008
2015-02-13,20518,15147,76117,4164849.99,3458801.88,202.98518325372845
2015-02-14,13711,9875,60627,4312422.12,3541992.72,314.5228006709941
2015-02-15,17280,12439,68446,4757224.49,3925128.98,275.3023431712963
2015-02-16,17693,12413,89965,4817928.66,3988291.36,272.3070513762505
2015-02-17,16802,12521,74388,4293160.67,3537248.79,255.5148595405309
2015-02-18,16725,12085,61913,3209407.04,2685036.44,191.8927976083707
2015-02-19,16363,12198,79512,3793775.02,3109300.19,231.85082319867996
2015-02-20,18730,15092,95572,4760336.65,3942085.3,254.1557207688201
2015-02-21,15952,11280,70645,4368539.08,3544819.23,273.85525827482445
2015-02-22,16431,13211,79486,5784606.22,4804964.15,352.05442273750833
2015-02-23,14463,11021,50731,7360399.98,5966271.62,508.9123957685128
2015-02-24,17173,13667,71689,5473140.47,4450268.77,318.7061357945612
2015-02-25,14450,11692,51345,8502202.85,7083827.01,588.3877404844291
2015-02-26,18508,15057,88646,6528340.52,5386905.64,352.7307391398314
2015-02-27,14926,11229,53940,4695415.58,3896449.69,314.57963151547636
2015-02-28,15722,11744,83724,3896812.17,3287398.94,247.85728088029512
2015-03-01,21480,17584,81546,4612623.19,3760240.57,214.74037197392926
2015-03-02,22178,17801,84529,1204115.66,996728.16,54.293248264045445
2015-03-03,23311,16676,118505,2971078.12,2450231.82,127.45391102912788
2015-03-04,20723,16144,99756,3275231.73,2540097.74,158.04814602132896
2015-03-05,24841,19625,110043,3623778.02,2818823.69,145.87891067187311
2015-03-06,23903,18195,115420,4126698.63,3333077.32,172.6435439066226
2015-03-07,20579,16101,83988,3652751.16,2946148.77,177.49896302055495
2015-03-08,23101,16215,83326,3679065.16,2903799.07,159.25999567118308
2015-03-09,23240,17341,117770,4520902.2,3610296.4,194.53107573149742
2015-03-10,23566,17258,107264,5042080.93,3980962.03,213.95573835186283
2015-03-11,22870,16676,97024,6098020.8,4928286.75,266.63842588543946
2015-03-12,28148,22855,147647,4869770.72,3760439.95,173.00592297854197
2015-03-13,21363,15687,117397,3474969.89,2712283.16,162.663010344989
2015-03-14,22276,17876,89445,4711284.42,3671123.8,211.49597863171127
2015-03-15,22351,15744,120642,5040735.75,4008157.53,225.52618451076015
2015-03-16,24269,19775,108034,5602879.7,4422966.9,230.86570110016893
2015-03-17,21379,16480,69949,5692241.74,4623906.32,266.25388184667196
2015-03-18,18253,14079,88133,6793794.72,5583548.33,372.20154056867364
2015-03-19,23852,18973,85968,6012381.06,5053767.27,252.0703110850243
2015-03-20,19678,15237,70975,4887915.96,4122124.89,248.39495680455332
2015-03-21,26207,20418,100420,4566270.71,4002288.11,174.2385893082001
2015-03-22,21331,16844,89042,5271032.0,4721422.49,247.10665229009422
2015-03-23,21839,15483,115455,5172623.98,4663072.48,236.85260222537664
2015-03-24,23120,18841,108910,6187718.83,5662250.07,267.6348974913495
2015-03-25,22944,18479,126137,6763449.95,6062883.43,294.7807683926081
2015-03-26,27836,19713,131624,6983791.47,6190732.25,250.8906261675528
2015-03-27,23381,18490,127905,5007891.27,4516109.24,214.1863594371498
2015-03-28,23832,18925,108548,5941997.22,5296480.62,249.32851711983886
2015-03-29,24705,19907,100168,6087900.7,5431213.47,246.42382918437565
2015-03-30,21988,15721,91135,14251354.04,12890205.46,648.1423521921048
2015-03-31,23712,17041,118451,14813965.34,13306811.36,624.7455018556005
2015-04-01,29410,23296,117637,13697879.88,12323133.99,465.75586127167634
2015-04-02,30456,22808,137521,11638587.41,10494545.99,382.1443200026267
2015-04-03,31142,23705,131744,10239965.04,9205352.56,328.81526684220665
2015-04-04,27051,22178,97672,4214414.51,3835706.41,155.79514657498797
2015-04-05,34818,26213,179530,4549233.48,4060392.25,130.65751852490092
2015-04-06,32488,25628,104296,5947351.85,5501604.96,183.06303404333906
2015-04-07,37841,28534,193746,6969771.13,6115686.29,184.18570148780424
2015-04-08,31407,23603,105754,6923568.08,6092200.11,220.44665456745312
2015-04-09,33264,25339,131080,5334934.77,4630574.68,160.3816369047619
2015-04-10,31701,23905,138034,5286341.9,4755107.84,166.75631368095645
2015-04-11,32699,24505,156139,7223512.23,6692976.84,220.9092703140769
2015-04-12,33695,23984,164092,6941143.47,6173613.48,205.99921264282534
2015-04-13,32788,25880,169275,8008850.6,7198672.06,244.26163840429425
2015-04-14,31794,25698,162134,9764966.49,8525033.47,307.1323674278166
2015-04-15,30748,23319,121391,8464241.45,7283839.1,275.2777887992715
2015-04-16,30162,22150,117724,6025485.77,5033699.98,199.7707635435316
2015-04-17,34071,26707,177596,6481493.13,5294636.04,190.2348956590649
2015-04-18,34778,24920,112807,7432727.07,5745887.3,213.71922105929036
2015-04-19,34164,25611,119369,6854069.17,5371424.19,200.6225608828006
2015-04-20,33331,27313,182278,8942873.22,6952833.82,268.30497794845644
2015-04-21,29124,22796,130729,11246554.8,8986101.87,386.16106304079113
2015-04-22,28703,20207,137953,9099886.14,7216624.95,317.0360638260809
2015-04-23,33494,26912,158159,7548994.85,5939101.06,225.38349704424672
2015-04-24,31753,22949,170691,6578500.68,5143109.11,207.1772960035272
2015-04-25,36571,26976,179957,9981817.81,7741342.2,272.9435292991715
2015-04-26,30907,23892,116178,8486257.42,6790371.72,274.5739612385544
2015-04-27,34074,24139,114811,11233528.64,8990933.6,329.6803615660034
2015-04-28,31168,23641,123478,14371525.01,11368208.46,461.0987233701232
2015-04-29,35794,25274,128333,15294818.22,12456433.34,427.30117393976644
2015-04-30,28994,22062,150712,14911130.64,11744026.43,514.2833220666345
2015-05-01,30846,24315,163628,11462217.29,9026019.09,371.5949325682422
2015-05-02,33476,26822,182726,8951414.69,7003240.14,267.3979773569124
2015-05-03,24534,20051,126935,7902349.85,6325430.88,322.0978988342708
2015-05-04,29719,20848,155249,4063632.19,3220456.05,136.73515898919882
2015-05-05,28430,20543,107343,4993358.48,3895803.59,175.63694970102006
2015-05-06,27853,20910,131355,5912157.02,4721080.32,212.26284493591353
2015-05-07,24031,17827,83533,6417545.13,5062352.65,267.0527705879905
2015-05-08,29160,23034,109154,4654167.53,3561342.38,159.6079399862826
2015-05-09,31489,23349,164844,4178643.57,3269969.19,132.70169170186415
2015-05-10,28854,20819,121753,5135747.06,3949880.44,177.99081791086155
2015-05-11,30303,21569,101312,6740124.2,5364204.35,222.42432102432102
2015-05-12,29164,20797,132743,6877097.83,5464941.46,235.8077708819092
2015-05-13,28695,22220,132422,8472230.27,6752088.25,295.2510984492072
2015-05-14,24060,17186,83908,8373161.73,6566657.69,348.01170947630925
2015-05-15,27784,22574,100088,6454103.0,5103049.75,232.29567376907573
2015-05-16,25165,19778,109606,6409003.84,5140481.43,254.67927041525928
2015-05-17,32410,24265,113804,6593507.34,5168476.45,203.44052267818574
2015-05-18,26179,20898,133705,7049312.68,5707463.8,269.2735658352114
2015-05-19,29063,21602,150346,8167385.27,6584434.28,281.02347555310877
2015-05-20,30494,24191,126406,10886447.11,8610088.68,357.0029222142061
2015-05-21,29062,20606,123437,9585349.34,7629673.54,329.82414630789344
2015-05-22,27267,20288,149515,6849849.55,5526949.11,251.21390508673488
2015-05-23,30173,23985,100559,5769728.11,4699867.99,191.2215593411328
2015-05-24,27244,19433,90867,7759286.87,6115304.75,284.80718213184554
2015-05-25,29094,21740,129228,6648911.62,5479719.27,228.53205540661304
2015-05-26,27670,21242,95316,7250067.07,5753775.74,262.01904842790026
2015-05-27,26401,20469,119105,11264269.11,8911794.91,426.6606988371652
2015-05-28,27850,20116,89456,10886440.76,8702126.28,390.89553895870733
2015-05-29,34451,27090,172863,7443400.33,6010039.49,216.0575986183275
2015-05-30,30967,24404,149751,14386454.27,11671007.33,464.5737162140343
2015-05-31,27874,21527,109033,12847323.1,10142347.13,460.907049580254
2015-06-01,29318,22266,98658,12707400.56,9938849.85,433.43340473429294
2015-06-02,30701,24975,126635,10370270.22,8221123.6,337.7828155434677
2015-06-03,32446,23589,166997,12915899.82,10182209.97,398.073716945078
2015-06-04,28794,21415,121730,4389371.3,3612066.24,152.4404841286379
2015-06-05,28463,19935,144463,4689415.18,3666593.72,164.75477567368162
2015-06-06,34892,28589,164211,4504545.31,3683127.75,129.0996592342084
2015-06-07,32243,25956,145312,4737477.49,3636812.14,146.93041869553082
2015-06-08,32199,25978,170674,5997977.12,4767036.54,186.2783664088947
2015-06-09,27727,19941,145314,7149148.38,5741574.05,257.8406744328633
2015-06-10,31622,24009,125377,7033422.25,5437275.2,222.4218028587692
2015-06-11,32332,23402,159377,5174085.58,4188520.67,160.0298645304961
2015-06-12,24605,19576,116966,6351066.12,4900508.38,258.1209559032717
2015-06-13,31158,23057,166081,5087923.97,3913528.15,163.29430547531933
2015-06-14,29214,21013,150301,7257781.25,5645520.63,248.4350397069898
2015-06-15,32287,25912,128566,7185781.7,5677039.63,222.5595967417227
2015-06-16,26776,19786,104352,7904688.49,6283325.81,295.2154350911264
2015-06-17,35371,28846,155050,8476249.0,6775868.17,239.63837607079245
2015-06-18,30266,22102,104739,6561476.72,5174441.56,216.79365360470493
2015-06-19,35795,27659,158232,5300940.37,4147889.8,148.09164324626346
2015-06-20,29012,20477,144998,5709630.01,4391167.7,196.80235798979731
2015-06-21,34568,26635,143948,5755437.59,4546815.45,166.49611172182364
2015-06-22,30368,24526,101421,8091120.75,6486078.97,266.4357465094837
2015-06-23,34822,25528,161315,8014615.36,6549729.21,230.1595359255643
2015-06-24,27399,19217,103711,8106694.48,6848465.28,295.87556042191324
2015-06-25,31624,25240,150529,6395417.81,5471074.95,202.2330448393625
2015-06-26,30769,22895,140394,5791488.27,5164656.66,188.22478046085345
2015-06-27,29801,24190,145509,5907901.77,5761761.16,198.24508472870036
2015-06-28,24381,17220,129189,7048110.81,6755443.51,289.08210532791924
2015-06-29,34732,24375,156417,10266326.47,10003747.48,295.5869650466429
2015-06-30,33102,24296,110641,10954727.42,10628217.87,330.93853604011844
2015-07-01,20602,16457,79358,9503954.04,9190648.76,461.3122046403261
2015-07-02,27231,22131,124329,8552727.69,8154787.16,314.0805585545885
2015-07-03,24958,18340,128945,6047919.06,5867150.51,242.3238664957128
2015-07-04,24138,19174,106014,1184319.43,1068025.58,49.06452191565167
2015-07-05,26737,19679,85774,2966146.59,2810871.75,110.93789841792272
2015-07-06,26606,19213,138752,2490899.57,2437063.72,93.62172329549725
2015-07-07,26622,20411,87438,4185006.32,3947428.34,157.2010487566674
2015-07-08,22401,17945,112821,4333446.86,4256271.94,193.4488129994197
2015-07-09,22941,16968,76486,6011409.46,5756814.71,262.0378126498409
2015-07-10,20649,15288,99177,3936544.23,3750891.91,190.64091384570682
2015-07-11,26986,19812,119096,3965266.87,3859812.43,146.93792596160972
2015-07-12,23368,16615,87437,4444033.83,4308843.11,190.17604544676482
2015-07-13,24986,19531,92624,4008119.02,3879117.89,160.41459297206436
2015-07-14,25268,19699,122868,4541662.42,4427340.58,179.73968735159093
2015-07-15,28980,22939,141557,6195528.74,5945270.24,213.78636093857833
2015-07-16,25987,18625,134344,5351713.45,5204783.4,205.9381017431793
2015-07-17,23621,17228,123032,3953465.4,3879500.64,167.37078870496592
2015-07-18,22256,17049,73505,4352743.94,4230281.82,195.5762014737599
2015-07-19,25777,19987,102382,4734057.3,4244345.55,183.65431586297862
2015-07-20,21426,15804,83474,4593431.52,3967198.09,214.38586390366842
2015-07-21,26411,20585,89690,6205610.6,5212906.4,234.9631062814736
2015-07-22,25454,20168,116758,7003315.42,5699625.87,275.13614441738036
2015-07-23,25169,19631,112460,6241579.84,5041557.0,247.98680281298422
2015-07-24,27430,19435,98020,4815209.73,3864863.25,175.54537841779074
2015-07-25,26582,18972,92409,4869837.46,3980424.09,183.2005665487924
2015-07-26,25938,19698,133086,5323996.74,4436550.96,205.25856812398797
2015-07-27,24503,19723,94009,5603376.79,4431670.86,228.68125494837366
2015-07-28,24684,17484,103037,6826651.55,5538901.92,276.5618031923513
2015-07-29,23935,17376,101797,9470985.24,7602775.68,395.6960618341341
2015-07-30,28283,19983,112059,10296776.67,9762134.91,364.0623933104692
2015-07-31,27777,21301,142543,8227312.7,8001039.19,296.1915505634158
2015-08-01,25416,19592,107939,7969399.16,8307674.69,313.55835536669815
2015-08-02,25347,18517,89162,5808782.79,6999844.19,229.17042608592732
2015-08-03,28461,21974,110496,4720575.96,6451104.36,165.86121218509538
2015-08-04,26191,21319,119413,2658117.34,3894709.67,101.48972318735443
2015-08-05,29226,21369,95035,2978173.12,4001425.35,101.90149592828304
2015-08-06,24693,18406,96182,2558707.18,3656184.22,103.62075001012434
2015-08-07,26800,19332,117374,1981109.04,2648627.83,73.92197910447761
2015-08-08,26294,19881,138084,1709563.14,2428463.02,65.01723358941203
2015-08-09,23894,18799,78998,2122689.02,2864218.57,88.83774252950532
2015-08-10,28341,21424,125275,2341717.61,3233525.06,82.62649906495889
2015-08-11,25098,17651,83606,2434219.28,3451194.49,96.98857598214997
2015-08-12,27210,19954,143071,3555473.95,4878289.67,130.667914369717
2015-08-13,23810,16914,125846,2921138.79,3979730.24,122.68537547249055
2015-08-14,27482,20412,94726,2842163.51,3979723.24,103.41909286078159
2015-08-15,24803,20079,101731,2655077.08,3723026.61,107.04661049066645
2015-08-16,30678,21654,114864,2851597.29,3843042.72,92.95251613534128
2015-08-17,25286,18149,127955,2804909.03,3580539.39,110.92735228980463
2015-08-18,26259,18641,139980,3797369.86,5081331.41,144.61212765147187
2015-08-19,28515,20565,102526,3996506.07,5388360.8,140.15451762230404
2015-08-20,26047,19340,94210,3542649.14,4967122.51,136.00987215418283
2015-08-21,27624,20884,104074,2826694.43,4029608.29,102.32748443382566
2015-08-22,28267,20186,105913,2330134.4,3196044.6,82.43302791240669
2015-08-23,26494,18687,102152,2980880.01,4035327.45,112.51151241790593
2015-08-24,26670,19153,98635,2905862.72,4140352.34,108.95623247094115
2015-08-25,29244,22860,123604,3470416.25,4713031.14,118.6710521816441
2015-08-26,24536,18480,127640,4027164.09,5549423.27,164.1328696609064
2015-08-27,26269,19468,91099,3564052.29,4867784.09,135.67521755681602
2015-08-28,26954,19364,144057,8506950.72,11044258.41,315.6099547377013
2015-08-29,28818,22955,158022,7794439.44,10361751.16,270.47121382469294
2015-08-30,27508,20195,109859,7344062.69,9260104.74,266.9791584266395
2015-08-31,27293,19240,139809,7854391.23,10070785.58,287.7804283149526
2015-09-01,17480,13262,57096,6760812.85,8154672.78,386.77419050343246
2015-09-02,20702,16666,69558,2200298.26,2129220.78,106.28433291469422
2015-09-03,19328,13739,62074,2827263.54,2604249.38,146.27812189569536
2015-09-04,21904,15874,107607,3174821.93,2868467.84,144.94256437180425
2015-09-05,19156,14479,82375,4060108.04,3677521.7,211.9496784297348
2015-09-06,19448,15772,68250,5806076.99,5165364.57,298.54365436034556
2015-09-07,17684,14118,69916,5427754.58,4736445.82,306.9302522053834
2015-09-08,19746,13838,93992,4280040.71,3769505.38,216.7548217360478
2015-09-09,18587,13758,87916,3647303.9,3266493.41,196.22875665787916
2015-09-10,17610,13778,62257,3721441.58,3354394.08,211.3254730266894
2015-09-11,18890,15028,78439,5440903.55,4839456.19,288.03089200635253
2015-09-12,15341,11807,51281,4950740.04,4404176.85,322.7129939378137
2015-09-13,20180,15018,102993,6063850.75,5333297.85,300.48814420218037
2015-09-14,19576,14212,86422,5951627.11,5241870.86,304.02672200653865
2015-09-15,22012,16729,90723,4289955.17,3759560.12,194.8916577321461
2015-09-16,19650,14065,86514,4578098.38,4047593.29,232.9821058524173
2015-09-17,20086,14356,100816,4322042.75,3890293.3,215.1768769292044
2015-09-18,17602,13602,88389,4626830.39,4125549.97,262.8582200886263
2015-09-19,20896,15411,111247,4866373.41,4338177.32,232.8854043836141
2015-09-20,18429,13587,76753,5970375.19,5199616.34,323.9663134190678
2015-09-21,19819,16050,66316,5429549.96,4922952.43,273.95680710429383
2015-09-22,19877,16252,63995,3989413.65,3510644.34,200.70501836293204
2015-09-23,17652,13079,71664,4492195.74,4136948.97,254.48650237933379
2015-09-24,20962,15512,82371,4990183.49,4532817.65,238.05855786661579
2015-09-25,19659,15631,106872,5455949.84,4738294.51,277.52936771961953
2015-09-26,21009,17168,108813,6622087.86,5772363.74,315.202430386977
2015-09-27,21844,16369,117349,9527329.68,8445286.43,436.15316242446437
2015-09-28,18337,14106,67729,8161672.8,7449690.47,445.09313410045263
2015-09-29,19122,13426,94406,7149980.42,6330231.0,373.913838510616
2015-09-30,17523,13440,57686,6245594.21,5509034.08,356.4226565085887
2015-10-01,15491,12315,66956,5328206.77,4579676.64,343.9549912852624
2015-10-02,15982,11755,61202,2171539.56,1796561.55,135.87408084094608
2015-10-03,15008,11370,68639,4071748.88,3247591.03,271.3052292110874
2015-10-04,16759,12375,73139,3492367.73,2871726.8,208.3875965153052
2015-10-05,14395,11749,68728,4507541.9,3678096.41,313.1324696075026
2015-10-06,15319,11322,72555,4188998.54,3415837.46,273.4511743586396
2015-10-07,15755,12150,79517,3426493.43,2803278.62,217.48609520787053
2015-10-08,16564,12299,67620,3233949.18,2641121.98,195.23962690171456
2015-10-09,16177,12022,57239,3267999.74,2663149.73,202.01519070284974
2015-10-10,13914,10751,56445,3378102.79,2705337.11,242.7844466005462
2015-10-11,15458,11617,62989,3286486.34,2566855.85,212.60747444688835
2015-10-12,13664,10610,66043,4956524.37,4081540.58,362.74329405737706
2015-10-13,15985,11660,56565,5498991.17,4432958.2,344.009456990929
2015-10-14,16989,12008,81718,3411355.27,2666618.8,200.7978851021249
2015-10-15,16071,11596,79890,3768908.71,2948986.13,234.51612905233029
2015-10-16,14652,10534,79371,3821540.36,2987369.39,260.8203903903904
2015-10-17,17243,12612,76928,3662021.88,2894880.7,212.37730557327612
2015-10-18,16988,13378,69191,4235369.07,3332133.13,249.31534436072525
2015-10-19,14648,10830,77608,6150586.07,4953145.42,419.8925498361551
2015-10-20,15301,12493,60371,5151254.9,4073078.24,336.6613227893602
2015-10-21,15121,11856,74851,3861128.76,3112793.66,255.34877058395608
2015-10-22,15219,10773,73159,3503062.58,2822517.81,230.17692226821737
2015-10-23,16428,11814,86432,4220053.16,3535441.18,256.8817360603847
2015-10-24,15087,11501,52076,3836294.44,2963519.26,254.27814940014582
2015-10-25,17383,13762,79446,4371735.18,3592252.8,251.49486164643616
2015-10-26,17645,14292,56926,5670407.54,4548016.77,321.3605860017002
2015-10-27,14318,11717,68167,5227347.01,4220293.85,365.0891891325604
2015-10-28,15923,11322,78474,7029977.95,5631491.38,441.4983326006406
2015-10-29,14579,11450,70402,7420192.54,6015934.85,508.9644378901159
2015-10-30,16283,12617,79766,7246849.63,5898873.81,445.0561708530369
2015-10-31,16765,12368,64584,5833943.99,4766615.28,347.9835365344468
2015-11-01,12648,10110,61721,5794071.48,4691433.96,458.1017931688805
2015-11-02,12291,9842,59045,2770297.66,2300656.83,225.39237328126273
2015-11-03,14430,11020,55418,2095237.3,1642341.12,145.2000900900901
2015-11-04,12298,9471,52741,2658412.16,2230527.42,216.1662188973817
2015-11-05,13451,9497,53142,2550367.78,2095931.27,189.6043253289718
2015-11-06,14154,11094,47606,3113759.4,2524846.93,219.99147944044086
2015-11-07,13272,10281,62761,2523233.52,2111797.74,190.11705244122965
2015-11-08,12234,9118,61007,4183206.42,3467217.26,341.9328445316331
2015-11-09,14367,11128,65336,3409517.01,2730600.71,237.31586343704322
2015-11-10,14088,9978,68221,3237404.66,2600539.96,229.79874077228848
2015-11-11,13290,10715,59892,2928494.89,2445001.94,220.3532648607976
2015-11-12,13903,11236,61201,3900732.76,3072175.13,280.5677019348342
2015-11-13,14681,11365,65735,3144926.75,2547598.28,214.21747496764524
2015-11-14,14789,10949,77847,4369752.69,3445998.98,295.4731685712354
2015-11-15,12535,8911,64069,4297274.47,3488973.66,342.82205584363777
2015-11-16,12803,10408,47243,4316238.63,3541079.15,337.127128797938
2015-11-17,11316,8912,55403,3035948.85,2418023.08,268.28816277836694
2015-11-18,14680,11931,52971,3208924.12,2787131.03,218.5915613079019
2015-11-19,14557,10588,76901,2934934.24,2722267.8,201.61669574775024
2015-11-20,13750,10076,61102,3389498.76,3170548.9,246.5090007272727
2015-11-21,14699,11383,52048,2291920.41,2320486.62,155.92356010612968
2015-11-22,14679,11250,71235,3070301.17,3152837.2,209.16282921179916
2015-11-23,11714,8250,63229,2329823.55,2370762.85,198.89222724944509
2015-11-24,12523,9994,60988,1994420.05,2017128.44,159.2605645612074
2015-11-25,12747,9371,64179,1994246.64,2069297.94,156.44831254412802
2015-11-26,12460,9654,42889,3361942.92,3392781.25,269.81885393258426
2015-11-27,12408,9099,58532,5242225.8,5137790.23,422.4875725338491
2015-11-28,14692,11241,73086,5114979.4,5281806.7,348.1472502041928
2015-11-29,14441,11536,75285,5018236.03,4955536.7,347.49920573367496
2015-11-30,12771,9548,63965,4031497.64,4065929.95,315.67595646386343
2015-12-01,13668,10021,61441,3221463.05,3262618.05,235.69381401814456
2015-12-02,14048,10903,54556,953639.35,978207.15,67.88435008542142
2015-12-03,15464,11963,51678,1852279.15,1907081.99,119.78007953957578
2015-12-04,13738,10323,50602,2076429.7,2095572.96,151.14497743485222
2015-12-05,14548,10998,63227,2287846.3,2292826.58,157.2619122903492
2015-12-06,13375,10438,68771,2028034.94,2013778.51,151.62878056074766
2015-12-07,14667,11431,68419,2286683.02,2364273.69,155.90666257585056
2015-12-08,15215,11241,69929,2785090.6,2715044.46,183.04900427209992
2015-12-09,16326,12045,69015,1648123.41,1664248.89,100.95083976479235
2015-12-10,13711,11067,50285,2450848.03,2579079.6,178.7504944934724
2015-12-11,15391,11318,67959,2027594.98,1955884.16,131.73900201416413
2015-12-12,15008,11400,58168,2888573.7,2824587.14,192.46892990405118
2015-12-13,14700,10463,68140,3442735.4,3382073.59,234.19968707482994
2015-12-14,12967,10202,49267,3272227.86,3176504.37,252.3504172129251
2015-12-15,16132,13098,70312,3089177.63,3106617.67,191.4937782048103
2015-12-16,13212,9707,43582,2310884.14,2367574.49,174.90797305479867
2015-12-17,15145,12005,79733,2671287.02,2646046.82,176.38078705843512
2015-12-18,14745,11612,50065,2923802.97,2954646.8,198.29114750762972
2015-12-19,16727,11842,75482,2965218.72,3081409.43,177.27140072935973
2015-12-20,15075,12232,52971,3613917.61,3711607.1,239.72919469320067
2015-12-21,15716,12497,71525,5050481.76,5131271.18,321.35923644693304
2015-12-22,13743,11031,72308,3719442.83,3727031.54,270.64271483664413
2015-12-23,14154,10824,63423,3656481.63,3646146.76,258.3355680373039
2015-12-24,14389,11654,63948,2398336.72,2262884.17,166.67848495378416
2015-12-25,16343,12402,55203,3229207.58,3048061.85,197.58964571988008
2015-12-26,14081,10396,48105,3645783.09,3633106.61,258.9150692422413
2015-12-27,16176,13022,57718,5096354.17,5095420.51,315.0565139713155
2015-12-28,14045,10009,69532,8179976.67,8163764.62,582.412009255963
2015-12-29,16001,12904,61587,7760149.23,7689336.24,484.97901568651963
2015-12-30,15819,12433,69094,5941753.52,5888436.34,375.6086680573993
2015-12-31,15303,11679,75173,6375571.66,6217888.06,416.6223394105731
2016-01-01,11641,8712,37634,5846204.33,5354701.23,502.20808607507945
2016-01-02,10947,8044,55830,2558616.91,2072521.54,233.7276797296063
2016-01-03,13218,9831,64885,2744446.82,2169775.39,207.62950673324252
2016-01-04,12375,9643,63066,2387838.0,1861702.6,192.95660606060605
2016-01-05,11134,8762,40671,1557710.07,1249444.02,139.90570055685288
2016-01-06,12757,10309,67093,2337143.16,1917221.35,183.20476287528416
2016-01-07,11373,8618,59432,2503287.51,2024858.69,220.10793194407805
2016-01-08,9490,7221,37150,2738103.45,2202044.96,288.5251264488936
2016-01-09,13256,9596,46353,3026961.32,2446095.09,228.34650875075437
2016-01-10,13236,9859,64108,4122392.05,3201417.67,311.4530107283167
2016-01-11,12641,9828,60451,3434076.67,2780091.13,271.6617886243177
2016-01-12,11876,9485,56311,2627637.47,2110300.27,221.25610222297072
2016-01-13,10067,8114,39608,2268324.18,1914275.35,225.32275553789611
2016-01-14,13932,10319,69298,3247398.41,2705497.94,233.08917671547516
2016-01-15,12653,10155,55447,3532606.36,3003599.85,279.19120840907294
2016-01-16,11445,8556,46538,3856871.3,3138016.53,336.9918130187855
2016-01-17,10008,7752,45333,4229318.34,3477169.21,422.59375899280576
2016-01-18,11770,9405,46667,4105149.52,3409714.29,348.78075785896345
2016-01-19,10942,8319,56962,2818234.03,2313238.83,257.56114330104185
2016-01-20,12385,10034,39639,2842888.66,2294689.37,229.54288736374647
2016-01-21,11496,8327,61265,3981191.66,3293021.93,346.31103514265834
2016-01-22,12866,9035,48203,3322730.4,2667153.86,258.2566765117364
2016-01-23,12386,9914,44551,3998813.29,3324513.23,322.8494501856935
2016-01-24,12224,8763,54172,4734624.57,3904936.72,387.322036158377
2016-01-25,11670,8461,60857,5007306.32,4047871.63,429.0750916880891
2016-01-26,13357,9544,51883,3544741.3,2876880.62,265.38453994160363
2016-01-27,10112,7300,44184,4728554.45,3994526.08,467.61812203322785
2016-01-28,14033,10718,57073,6717660.92,5529962.06,478.7045478514929
2016-01-29,10947,8155,50993,5013253.01,4078543.96,457.95679272860144
2016-01-30,12513,9653,65920,6920879.78,5546795.93,553.0951634300328
2016-01-31,11419,8209,38946,6449751.32,5251383.47,564.8262825116035
2016-02-01,17175,13626,59868,5200767.32,4131331.82,302.81032430858806
2016-02-02,16623,12204,75261,2966994.87,2413250.92,178.48732900198522
2016-02-03,19714,15698,104335,2273911.2,1841992.31,115.34499340570154
2016-02-04,16103,12176,52113,2819439.59,2305544.16,175.08784636403155
2016-02-05,15709,11623,76250,3680939.41,2987435.62,234.32041568527598
2016-02-06,16126,12565,85675,4735761.79,3973322.09,293.672441398983
2016-02-07,18608,13602,83077,4032333.88,3144310.26,216.69894024075666
2016-02-08,18097,13313,61310,3848593.44,3120549.68,212.6647201193568
2016-02-09,17145,12244,68554,3979641.11,3286349.1,232.11671682706327
2016-02-10,19010,14622,63376,3448601.24,2764263.83,181.40984955286692
2016-02-11,20506,16732,86480,3717348.88,3000678.76,181.28103384375305
2016-02-12,18330,14596,70795,4035900.93,3269439.67,220.18008346972178
2016-02-13,18473,14163,100174,4701818.64,3727060.93,254.5238261246143
2016-02-14,19163,14357,70990,4925684.12,4030980.54,257.04138809163493
2016-02-15,18698,13210,67308,4588032.77,3702428.02,245.3755893678468
2016-02-16,15627,11931,55669,3941056.12,3209642.29,252.19531068023295
2016-02-17,17990,14392,66105,2962078.99,2374063.71,164.65141689827684
2016-02-18,20773,14775,93178,4009498.5,3301336.9,193.01489914793243
2016-02-19,15561,11243,83645,4571419.08,3665043.13,293.77411991517255
2016-02-20,18344,13061,94030,5176883.79,4193086.14,282.21128379851723
2016-02-21,18371,14438,70445,4758472.96,3843027.26,259.0209003320451
2016-02-22,16624,13434,54941,4721935.01,3825599.58,284.04325132338784
2016-02-23,19443,15525,65423,4550216.22,3722357.32,234.02850486036104
2016-02-24,18131,12967,69981,5790273.07,4665515.38,319.3576234074238
2016-02-25,17420,12431,72925,7677182.49,6237906.21,440.7108203214696
2016-02-26,18006,13934,57841,7096236.89,5762106.77,394.1040147728535
2016-02-27,15907,11168,82608,6837275.28,5301081.64,429.82808071918026
2016-02-28,18438,14716,67837,5117740.12,4142676.19,277.56481831001196
2016-02-29,18504,14317,93760,3529083.59,2843903.05,190.72003837008214
2016-03-01,26992,21032,117947,709982.79,623398.17,26.30345250444576
2016-03-02,24782,17548,132132,1479744.0,1243049.71,59.71043499314018
2016-03-03,27680,22122,121091,2251060.05,1853979.92,81.3244237716763
2016-03-04,26344,19353,103165,2778579.79,2305820.78,105.47296500151838
2016-03-05,21768,17084,106947,3472294.22,2819038.04,159.51369992649762
2016-03-06,23121,17009,111366,3501407.51,2754054.05,151.43841140089094
2016-03-07,26576,20232,93060,4275566.76,3544887.63,160.88074804334738
2016-03-08,23750,17459,117371,4693887.34,3819333.06,197.63736168421053
2016-03-09,30824,25068,141783,5050829.68,4101613.27,163.8602932779652
2016-03-10,25094,17925,130477,7374516.48,5983967.59,293.87568661831517
2016-03-11,24168,16941,81811,6281759.31,5065973.55,259.9205275571003
2016-03-12,24644,18973,135320,4673863.75,3853834.05,189.65524062652167
2016-03-13,23591,18027,78079,4655322.31,3707033.48,197.3346746640668
2016-03-14,23186,16474,101909,5214530.57,4150309.08,224.89996420253604
2016-03-15,26245,21094,107523,5319085.92,4384259.36,202.67044846637455
2016-03-16,24017,19505,100833,6412758.35,5219744.05,267.0091331140442
2016-03-17,22714,18358,80292,8569336.81,6809198.69,377.2711459892578
2016-03-18,24107,18877,100707,6917674.02,5792586.92,286.95706724187994
2016-03-19,25702,18697,102180,5852909.53,4990341.15,227.7219488755739
2016-03-20,22946,18176,88612,4759469.17,3951071.76,207.42042926871787
2016-03-21,25412,19709,130203,5534732.74,4759221.87,217.79996615772077
2016-03-22,26309,21458,121633,5449314.63,4970365.56,207.1273948078604
2016-03-23,25486,18934,101106,6046593.49,5532819.27,237.25156909675903
2016-03-24,27354,21211,133470,7933448.72,7157854.93,290.0288338085837
2016-03-25,25460,18987,117893,7008643.3,6273523.88,275.280569520817
2016-03-26,19929,14574,107576,5197781.65,4790136.82,260.8149756636058
2016-03-27,27557,22581,93947,6141114.6,5639995.87,222.85134811481655
2016-03-28,22971,18817,123376,5291170.65,4853169.6,230.34132819642159
2016-03-29,24782,19479,88649,7521778.94,6878616.36,303.5178331046728
2016-03-30,28423,22198,105676,14545392.64,13412468.3,511.74726946487004
2016-03-31,27301,21181,141142,14231299.73,12932629.87,521.2739361195561
2016-04-01,35280,26110,148298,12298083.49,11254792.81,348.58513293650793
2016-04-02,31285,24462,135264,13123488.4,12292938.79,419.4818091737254
2016-04-03,39853,32209,171112,10576481.39,9627706.26,265.3873331995082
2016-04-04,31700,22496,119980,4230255.21,3886345.44,133.44653659305993
2016-04-05,33961,24714,144993,4598444.87,4315060.71,135.40369453196314
2016-04-06,34563,26040,176971,5873076.02,5465466.98,169.92379191621097
2016-04-07,32223,24109,136308,5504606.21,5121344.12,170.82848307109828
2016-04-08,40960,32614,222237,4323869.8,3902265.35,105.5632275390625
2016-04-09,32292,26311,117217,4537873.44,4208365.26,140.52624303233
2016-04-10,29930,22120,132581,4898415.28,4517178.31,163.66238823922487
2016-04-11,31917,24194,128608,6193751.24,5553289.41,194.0580643544193
2016-04-12,37526,28901,149781,5962850.28,5477134.6,158.8991707083089
2016-04-13,38617,28257,149786,8636899.06,7772805.93,223.65536059248518
2016-04-14,33689,26400,108173,7184576.35,6220003.38,213.2617872302532
2016-04-15,36113,27136,163008,5910167.4,5244820.29,163.65761360175009
2016-04-16,32898,24775,137463,7075518.69,5997253.75,215.07443279226703
2016-04-17,39389,30190,150023,9065525.85,7747445.67,230.15374470029704
2016-04-18,33200,25788,142946,7930420.94,6496267.7,238.86810060240964
2016-04-19,25488,19049,127287,9299472.01,7665794.67,364.856874215317
2016-04-20,35982,28963,152100,11470503.55,9220652.39,318.7844908565394
2016-04-21,33532,25443,151168,9681621.65,7780628.47,288.7278316235238
2016-04-22,35570,25756,137754,6442191.99,5276646.93,181.11307253303346
2016-04-23,28997,21502,106569,8225755.2,6488166.41,283.67607683553473
2016-04-24,34414,25043,161566,8005992.5,6468446.01,232.63766199802407
2016-04-25,31532,22488,150805,11068078.01,8923524.58,351.01097329696813
2016-04-26,29524,23522,148307,11387120.36,9133066.32,385.6902980625931
2016-04-27,33081,25297,181029,16379722.53,13128158.81,495.1398848281491
2016-04-28,34354,25822,179278,17388183.19,13978683.94,506.1472664027479
2016-04-29,30530,24073,132543,16966030.5,13610990.42,555.7166885031116
2016-04-30,35212,27908,135944,12874790.56,10476104.29,365.6364466659094
2016-05-01,34863,28526,139903,11553720.73,9387796.08,331.4035146143476
2016-05-02,28519,20889,102461,8891959.72,7094979.67,311.790726182545
2016-05-03,34982,28060,139084,6609488.85,5263847.33,188.93970756388998
2016-05-04,35348,28169,166330,6041365.35,4874007.55,170.9110939798574
2016-05-05,29771,24087,113984,6026491.95,4682705.07,202.4282674414699
2016-05-06,27614,21353,147246,5884185.84,4692160.58,213.08705149561817
2016-05-07,39792,30635,144054,5016235.82,3962154.52,126.06141485725774
2016-05-08,28966,22933,103613,4730903.12,3759762.75,163.32607608920804
2016-05-09,28369,21061,128664,7307039.01,5990848.79,257.5712577108816
2016-05-10,31941,25837,121960,6636687.87,5216849.07,207.7795895557434
2016-05-11,29147,20594,106696,8452886.26,6878143.05,290.00879198545306
2016-05-12,32448,26326,125722,10736290.28,8789857.02,330.8767961045365
2016-05-13,33242,25095,165737,9817523.43,7817935.3,295.33492058239574
2016-05-14,32697,24039,176295,7446413.22,6064015.7,227.73995228920083
2016-05-15,30664,21972,147428,6413929.56,4998345.42,209.1680654839551
2016-05-16,30307,23701,132156,7701732.93,5993216.92,254.12389645956378
2016-05-17,34353,25229,131140,8631034.09,6848845.3,251.24542514481996
2016-05-18,30584,21640,126637,8416389.92,6811181.17,275.18931205859275
2016-05-19,32056,25670,117450,11212790.37,9063577.59,349.7875708135762
2016-05-20,26494,18959,102959,10058131.11,8217262.68,379.63807314863743
2016-05-21,32181,24897,123544,7447083.47,5895652.1,231.4124318697368
2016-05-22,27855,21321,133211,7687940.04,6156525.22,275.9985654281098
2016-05-23,33895,25827,179800,8645211.05,7045764.67,255.05859418793335
2016-05-24,33317,27062,128279,8183351.87,6580079.91,245.62091034606956
2016-05-25,30559,22955,137420,9916196.12,7860116.29,324.4934755718446
2016-05-26,29012,22400,100854,12748857.56,10440320.85,439.43394319591897
2016-05-27,31654,22277,117413,10645860.16,8560911.95,336.3195855184179
2016-05-28,30406,23858,120385,7818417.53,6306590.85,257.1340370321647
2016-05-29,30163,23872,134316,6277386.71,4980964.03,208.11546298445114
2016-05-30,30700,24332,126409,15902645.06,12868500.26,518.001467752443
2016-05-31,29707,22770,157676,15273734.62,12146387.51,514.1459797354158
2016-06-01,30361,23705,131150,15027967.48,12020718.26,494.9760376799183
2016-06-02,32911,23190,131608,15450407.81,12454831.83,469.46029625353225
2016-06-03,32205,22850,156430,14905219.23,12099283.96,462.8231401956218
2016-06-04,33568,26608,156310,3543917.94,2852864.04,105.5742951620591
2016-06-05,36075,26306,189010,5281645.29,4151357.66,146.40735384615385
2016-06-06,35520,28801,186061,5164395.26,4100125.08,145.3940106981982
2016-06-07,31431,22311,100680,6484605.21,5302528.24,206.3124052686838
2016-06-08,36825,28833,126407,8622987.0,7158408.04,234.16122199592667
2016-06-09,31212,25556,126443,6719422.7,5484927.09,215.28331090606179
2016-06-10,30303,21771,102242,5856690.47,4774033.93,193.27097878097877
2016-06-11,36969,26563,195790,5949391.29,4761365.56,160.9291917552544
2016-06-12,28697,20793,103189,6087764.33,4901187.37,212.13939889187023
2016-06-13,34063,26928,163122,6889883.95,5491827.46,202.26885330123596
2016-06-14,34397,24679,186716,9141001.7,7338757.88,265.74996947408204
2016-06-15,33083,23250,168360,9864183.86,7853426.55,298.1647329444125
2016-06-16,28041,21006,133556,10058421.18,8220535.81,358.70408259334545
2016-06-17,35068,25926,187271,5423957.08,4250810.07,154.66970115204745
2016-06-18,34886,27062,161199,7882351.1,6322388.46,225.94596972997763
2016-06-19,38767,27509,168541,7908073.31,6297385.32,203.98981891815203
2016-06-20,32245,23977,135266,7266335.58,5841977.09,225.34766878585827
2016-06-21,30312,24040,97709,8500049.69,6752198.15,280.41863585378724
2016-06-22,27007,19832,96954,10283795.21,8167871.69,380.7825826637539
2016-06-23,33787,26228,165215,9872888.2,7950198.34,292.20967235919136
2016-06-24,38202,29924,190436,7881916.83,6508523.99,206.3220991047589
2016-06-25,36799,28971,181381,6886227.09,6096912.54,187.13082121796788
2016-06-26,31541,23069,162759,6698524.32,6144242.3,212.37514092768143
2016-06-27,33556,26721,143772,6871506.56,6833479.69,204.77728453927762
2016-06-28,34476,27429,137302,8247984.99,8163713.72,239.23845544726768
2016-06-29,32831,23468,164936,13343751.12,13303063.47,406.43754743991957
2016-06-30,33061,25436,157305,11824115.33,11686500.64,357.64542300595866
2016-07-01,27643,19559,99053,10173764.85,10138330.52,368.0412708461455
2016-07-02,22725,16342,93039,8800553.93,8597989.65,387.263099229923
2016-07-03,26996,20540,106634,6426683.62,6344095.57,238.06058749444364
2016-07-04,26647,21584,138858,1386571.93,1325944.63,52.03482305700454
2016-07-05,24584,18565,115188,2748779.52,2677876.06,111.81172795314025
2016-07-06,27547,20443,98375,2703265.31,2729115.94,98.13283878462265
2016-07-07,23757,19475,122326,4517288.27,4518370.11,190.14556846403164
2016-07-08,30223,22727,147211,3773827.56,3763622.72,124.8660807993912
2016-07-09,28415,20298,102750,4051086.89,3956559.68,142.56860425831428
2016-07-10,26627,18741,121806,4008532.54,3789183.06,150.54390430765764
2016-07-11,23750,17184,100402,4094198.38,3954521.72,172.38730021052632
2016-07-12,25090,19330,108000,4373623.08,4271906.38,174.31738062973295
2016-07-13,25456,19617,112461,3978100.94,3903887.84,156.27360700817096
2016-07-14,26102,21123,103066,5834657.65,5776926.66,223.5329725691518
2016-07-15,24689,19531,81948,5538171.41,5410397.02,224.31736441330148
2016-07-16,24381,18562,120554,4146739.21,3932641.54,170.0807682211558
2016-07-17,23404,17521,124678,4362617.65,4257377.15,186.40478764313795
2016-07-18,26498,19304,88806,4037086.77,4032049.3,152.35439542606989
2016-07-19,24148,18248,92848,4972014.76,4468539.05,205.8975799238032
2016-07-20,26407,18650,132572,5743038.13,4989427.8,217.48165751505283
2016-07-21,26495,20970,114364,6234589.1,5454135.01,235.31191168144932
2016-07-22,24845,18827,111995,6429688.49,5405412.2,258.792050311934
2016-07-23,25328,20611,91707,5794840.19,4693760.16,228.7918584175616
2016-07-24,26287,18818,109309,4992598.4,3988427.93,189.92651881157988
2016-07-25,26214,19627,122354,6602810.86,5210533.01,251.88108873121234
2016-07-26,28240,21589,134010,7851989.46,6298482.2,278.04495254957504
2016-07-27,27237,21103,88734,7880563.86,6294203.51,289.3330344751625
2016-07-28,25533,18068,103976,10561338.25,8364736.75,413.63483531116594
2016-07-29,28740,20665,154184,9786083.49,8009568.05,340.5039488517745
2016-07-30,27670,21379,96328,6346290.87,5035247.55,229.35637405131914
2016-07-31,29012,22088,136051,11015269.56,8901256.98,379.6797725079278
2016-08-01,26556,20258,131761,10793582.2,8684114.27,406.44608374755234
2016-08-02,29110,20880,147042,9744357.22,7715286.95,334.74260460322915
2016-08-03,27129,21732,127147,9904285.99,7903743.51,365.081130524531
2016-08-04,29332,21908,137738,9495153.07,7445312.45,323.71311434610664
2016-08-05,27384,20014,98121,5608281.75,4405172.77,204.80140775635408
2016-08-06,28180,22272,133138,3417126.9,2778007.61,121.26071327182399
2016-08-07,29434,22994,147103,4427581.45,3417549.23,150.42404871916833
2016-08-08,34462,25228,175155,4350104.4,3457274.61,126.22901746851606
2016-08-09,26386,19781,111721,5367433.58,4307308.14,203.41975214128706
2016-08-10,33121,27111,133606,6219835.93,4989664.4,187.7913085353703
2016-08-11,31742,24365,161020,6515630.05,5260377.53,205.26841566378928
2016-08-12,27987,19679,94711,6119372.31,4890673.79,218.6505273877157
2016-08-13,25016,17540,123852,4911652.24,4032826.41,196.34043172369684
2016-08-14,27633,20341,90982,4133214.74,3276890.85,149.57531719321102
2016-08-15,31092,23420,110105,5605211.59,4497185.08,180.27825775119
2016-08-16,29690,23156,154339,5622571.31,4439845.57,189.37592825867293
2016-08-17,31419,22260,132681,5481191.48,4224740.02,174.45467646965213
2016-08-18,24412,18601,116144,9528740.46,7920089.68,390.3301843355727
2016-08-19,28446,20582,92462,6546299.57,5278113.04,230.13075898193068
2016-08-20,27262,21783,149049,5781551.94,4564247.81,212.07365343701858
2016-08-21,27254,22311,103705,6521389.47,5328696.02,239.28192081896233
2016-08-22,28141,20906,121068,5219998.72,4287522.68,185.49442876941117
2016-08-23,29012,22783,134510,4815121.42,3868404.84,165.96999241693092
2016-08-24,28046,22781,106186,6292751.73,5100249.41,224.37252121514655
2016-08-25,30846,23195,102990,8794928.73,6977759.11,285.12379984438826
2016-08-26,32227,22624,104810,5680360.34,4488665.83,176.26090979613366
2016-08-27,29576,23100,114347,4561647.77,3662367.33,154.23477718420338
2016-08-28,30591,23449,144030,15158669.18,12249721.23,495.5270890131084
2016-08-29,27102,21683,109621,14043471.1,11328872.12,518.171024278651
2016-08-30,27808,21416,149144,13812380.3,11037531.68,496.7052754602992
2016-08-31,27343,21369,102717,12534594.92,10091516.93,458.42061661119845
2016-09-01,21640,17149,109678,12403544.62,10116739.78,573.1767384473197
2016-09-02,24806,19936,112082,2363186.38,2197302.32,95.2667249858905
2016-09-03,19833,16155,91836,2854708.14,2576390.08,143.937283315686
2016-09-04,19186,14935,103136,2911393.7,2610346.46,151.74573647451268
2016-09-05,25486,19924,89356,4157930.98,3683805.93,163.1456870438672
2016-09-06,17889,12808,78449,4457820.99,4021959.96,249.19341438873053
2016-09-07,23068,16975,76283,2727504.52,2482230.36,118.23758106467834
2016-09-08,21760,16332,101591,2950156.73,2710099.28,135.57705560661765
2016-09-09,20850,16841,101356,4080455.52,3550531.35,195.70530071942446
2016-09-10,23004,16494,79664,3383667.97,3081087.79,147.0904177534342
2016-09-11,20958,16065,108501,4791697.67,4209772.35,228.63334621624202
2016-09-12,20790,14729,68994,5675073.45,5130706.55,272.97130591630594
2016-09-13,19627,14282,82026,5639925.61,5076124.78,287.35545982575024
2016-09-14,21671,15592,109106,4385149.48,3911967.05,202.35104425268796
2016-09-15,21936,17311,112756,3714513.35,3311188.02,169.3341242706054
2016-09-16,19725,14698,99907,4018602.31,3556568.41,203.7314225602028
2016-09-17,21486,15561,106089,4431680.09,3843688.85,206.2589635111235
2016-09-18,22263,15923,80501,4942620.63,4382989.7,222.01053901091495
2016-09-19,19562,15211,102109,5350877.2,4783146.79,273.5342603005828
2016-09-20,19759,15855,95177,4950112.24,4381290.5,250.52443139835012
2016-09-21,20826,16905,92394,4415854.52,4042078.78,212.0356535100355
2016-09-22,19679,15286,69619,3570383.96,3326231.28,181.43116825041923
2016-09-23,19211,13838,79369,4188287.62,3857859.5,218.01507573785852
2016-09-24,19661,16063,92931,3669054.98,3149906.57,186.61588830680026
2016-09-25,19504,15832,66917,5830714.93,5221915.5,298.9496990360951
2016-09-26,19551,14186,67786,6888617.97,6121949.95,352.34095289243515
2016-09-27,20064,16348,65220,8489123.16,7795904.94,423.10223086124404
2016-09-28,20824,15238,110681,7567886.85,6824968.63,363.4213815789474
2016-09-29,18850,13877,64838,5432931.71,4892504.82,288.2191888594164
2016-09-30,19952,16032,84119,4909635.76,4205412.15,246.0723616680032
2016-10-01,15690,12077,66861,4366699.03,3701260.21,278.31096430847674
2016-10-02,16303,12829,86204,2596796.4,1974164.43,159.28334662332085
2016-10-03,16160,13151,84680,2548741.44,2097911.33,157.71914851485147
2016-10-04,18099,14630,86359,3461082.31,2850191.25,191.23058235261618
2016-10-05,17094,13193,84900,3424882.78,2746226.47,200.35584298584297
2016-10-06,16480,12069,57200,2895028.23,2454432.63,175.66918871359223
2016-10-07,18947,14466,88287,3222934.99,2477341.55,170.10265424605478
2016-10-08,16749,13285,90179,3101070.27,2574361.13,185.1495772881963
2016-10-09,13627,9848,63580,3313712.48,2583489.11,243.17256035811258
2016-10-10,17553,12553,69444,4264616.83,3371581.16,242.95657893237623
2016-10-11,15134,11420,51660,4422185.53,3581266.99,292.20203052728954
2016-10-12,16384,12184,80295,4541598.24,3524730.02,277.197158203125
2016-10-13,16117,12753,75419,3317032.06,2649214.4,205.80952162313085
2016-10-14,15800,11450,61624,3511630.87,2718591.77,222.25511835443038
2016-10-15,16332,12994,52674,3943248.97,3043533.56,241.44311596865052
2016-10-16,16728,12769,77896,4376304.87,3413503.15,261.6155469870875
2016-10-17,16976,12404,85828,3037287.93,2453991.87,178.91658400094252
2016-10-18,15801,11691,84041,4508859.09,3657069.31,285.35276817922914
2016-10-19,16470,12951,58118,4228189.57,3396000.86,256.72067820279295
2016-10-20,15730,12739,76784,2846518.01,2260628.69,180.96109408773043
2016-10-21,18497,13104,61071,3272036.28,2634207.2,176.89551170460072
2016-10-22,17596,14020,78544,3948044.16,3231763.1,224.37168447374404
2016-10-23,15290,10820,78871,3383059.2,2666084.61,221.25959450621323
2016-10-24,16565,12863,81578,4380387.44,3526727.23,264.43630787805614
2016-10-25,17226,13670,66957,4299274.8,3249930.02,249.58056426332288
2016-10-26,17265,13081,64846,4706906.11,3751859.51,272.62705531421955
2016-10-27,16121,11701,83758,4202633.76,3430770.86,260.69311829290984
2016-10-28,16013,12025,51729,7095459.64,5821255.79,443.106203709486
2016-10-29,16178,12385,65228,7748034.04,6291672.94,478.92409692174556
2016-10-30,14980,10862,76509,6231866.09,5021019.4,416.0124225634179
2016-10-31,14528,11617,48878,6154479.92,4923620.6,423.62884911894275
2016-11-01,9921,6954,37157,7719179.86,6108632.49,778.0646971071465
2016-11-02,13377,10448,62589,2019573.39,1671538.84,150.97356582193316
2016-11-03,13217,10821,57843,2167731.38,1630172.24,164.0108481501097
2016-11-04,15480,12205,65097,2921457.72,2325634.63,188.7246589147287
2016-11-05,12693,10390,58940,3331729.51,2510325.05,262.485583392421
2016-11-06,14121,11290,69354,3177194.93,2614531.12,224.99787054741168
2016-11-07,14412,10835,58813,4013690.76,3164694.75,278.49644462947543
2016-11-08,15021,10948,56211,2902668.64,2275142.13,193.24070567871647
2016-11-09,14051,10096,50820,3088936.2,2415653.4,219.8374635257277
2016-11-10,12300,9590,54043,3524443.54,2787453.25,286.54012520325205
2016-11-11,14481,10750,60880,3242466.89,2622416.39,223.9118078861957
2016-11-12,13921,10552,76023,4067309.35,3215859.82,292.17077436965735
2016-11-13,14357,11022,70333,4108240.53,3298120.47,286.148953820436
2016-11-14,15703,11310,82333,5384564.17,4287246.16,342.9003483410813
2016-11-15,16722,13433,76078,4067351.79,3266049.08,243.23357194115536
2016-11-16,14954,11372,67005,2666254.64,2184170.77,178.2970870670055
2016-11-17,13839,10869,54220,3253737.52,2657687.82,235.11362959751426
2016-11-18,14924,11640,57143,2750384.49,2341586.51,184.29271575984993
2016-11-19,16193,12098,70086,3049656.36,2797715.85,188.3317705181251
2016-11-20,13513,10080,50458,2422645.76,2208447.77,179.28259897876117
2016-11-21,16673,12248,63606,2849528.18,2622825.33,170.90674623643017
2016-11-22,13636,10775,51147,2953802.19,3010640.25,216.6179370783221
2016-11-23,14106,10280,67908,1781135.32,1682846.05,126.26792286970084
2016-11-24,15361,11156,56779,1693041.1,1727778.84,110.2168543714602
2016-11-25,11287,9107,48716,3314537.94,3343367.28,293.65978027819614
2016-11-26,12882,10027,49661,3392192.14,3360164.37,263.32806551777674
2016-11-27,13309,9682,72788,5299633.2,5281944.59,398.19920354647235
2016-11-28,12901,10483,54139,5196318.58,5131257.93,402.78417021936286
2016-11-29,14112,10479,69379,4921786.18,4962698.8,348.76602749433107
2016-11-30,14123,10842,56376,3832887.02,3897608.89,271.3932606386745
2016-12-01,17034,12965,62158,2358573.02,2341309.79,138.4626640835975
2016-12-02,17041,12600,91993,907573.74,925477.21,53.25824423449328
2016-12-03,16495,12690,63476,1333890.05,1218185.92,80.86632615944225
2016-12-04,18203,13285,60709,2237557.76,2224630.3,122.92247211998021
2016-12-05,14288,11009,46630,1925286.27,1939563.58,134.74847914333708
2016-12-06,16069,11394,53670,2605334.49,2510982.32,162.13420187939514
2016-12-07,16032,12887,71188,2299467.49,2274139.79,143.42985840818363
2016-12-08,18023,13994,73555,2075549.34,2136761.21,115.16114631304445
2016-12-09,17983,13716,64924,2553283.93,2600587.96,141.9832024689985
2016-12-10,19218,14825,91028,2913080.54,2889190.43,151.58083775627017
2016-12-11,16676,11969,65996,2853330.5,2812545.24,171.1040117534181
2016-12-12,13350,9592,51730,3248145.42,3217430.0,243.30677303370786
2016-12-13,15412,11215,67548,3823629.31,3830277.56,248.09429730080458
2016-12-14,13095,9864,60583,2792734.55,2831410.87,213.26724322260404
2016-12-15,16207,12614,82968,2707101.38,2742933.88,167.03284876905042
2016-12-16,15939,11652,53942,2646651.72,2651717.38,166.0487935253153
2016-12-17,14917,12185,63940,3238132.58,3280502.46,217.0766628678689
2016-12-18,15169,11685,62649,3271429.4,3285398.32,215.6654624563254
2016-12-19,18344,13487,67232,4135316.35,4095588.8,225.43154982555603
2016-12-20,16681,12738,74053,4293749.29,4224108.67,257.4035903123314
2016-12-21,15734,12849,54528,4279775.59,4100591.43,272.00810919028856
2016-12-22,15796,11671,56842,3117384.48,3057416.11,197.35277791846036
2016-12-23,15987,11280,68313,2500798.47,2509747.01,156.42700131356727
2016-12-24,13567,10748,66087,2034069.49,2007308.18,149.9277283113437
2016-12-25,16706,12156,71340,3488378.94,3406046.44,208.80994492996527
2016-12-26,14146,10364,52010,3839559.68,3806837.33,271.423701399689
2016-12-27,16063,12885,52487,5844260.6,5750792.35,363.8336923364253
2016-12-28,13341,9462,58408,7554359.22,7421332.69,566.2513469754891
2016-12-29,15158,11598,76740,7928143.58,7951767.41,523.0336178915425
2016-12-30,14375,11585,55377,5840732.73,5741938.39,406.3118420869566
2016-12-31,17037,12745,70383,4969730.15,4920694.41,291.70218641779655
2017-01-01,12622,10240,40788,3998895.08,3583814.01,316.81944858184124
2017-01-02,11539,9413,61868,1748553.87,1374452.07,151.53426380102263
2017-01-03,11507,8946,55783,1891837.91,1573537.28,164.40757017467627
2017-01-04,10925,8136,50441,847466.28,682698.81,77.57128421052631
2017-01-05,12054,9143,55335,1464435.52,1145400.53,121.48959017753442
2017-01-06,13380,9430,58369,2311449.24,1842665.52,172.75405381165922
2017-01-07,13715,10628,61889,2148635.45,1767280.58,156.66317535545025
2017-01-08,12389,9146,43499,2907768.3,2272946.44,234.70565017354102
2017-01-09,11802,8776,58449,3437216.12,2814472.11,291.2401389594984
2017-01-10,12803,9158,65574,3014515.71,2440786.22,235.45385534640317
2017-01-11,13414,9660,52857,2227157.79,1674420.56,166.03233860146116
2017-01-12,12525,9985,45854,2704158.21,2101198.8,215.90085508982037
2017-01-13,14039,11266,55457,3136819.59,2599219.64,223.43611297100932
2017-01-14,14325,10550,55281,2056300.58,1704845.73,143.54628830715532
2017-01-15,12653,9484,44274,2415343.55,1994964.86,190.89097842408913
2017-01-16,13013,9791,44548,3848368.92,3102404.56,295.7326458157227
2017-01-17,10949,8323,40253,2829843.68,2229864.7,258.45681614759343
2017-01-18,12495,8815,55397,2138817.82,1652537.47,171.1738951580632
2017-01-19,12554,10249,49214,2663777.41,2187863.56,212.18555121873507
2017-01-20,11811,9397,59903,2871845.05,2318588.01,243.1500338667344
2017-01-21,12422,9307,49377,2790303.1,2232164.85,224.62591370149735
2017-01-22,12462,9257,64210,2438538.62,2064760.98,195.677950569732
2017-01-23,12834,10063,46316,3466339.69,2719480.1,270.09036076048
2017-01-24,13391,9706,43170,2856042.21,2288079.89,213.2807266074229
2017-01-25,14150,10329,59924,2345949.16,1953862.54,165.79146007067138
2017-01-26,12150,8685,39488,3398297.86,2689465.29,279.69529711934155
2017-01-27,13150,9777,51437,3893498.97,3118864.85,296.08357186311787
2017-01-28,13864,10045,51529,5454445.79,4466542.85,393.42511468551646
2017-01-29,13325,10241,65733,6530902.38,5313138.23,490.12400600375236
2017-01-30,14275,10425,68719,5647441.37,4545794.61,395.6176091068301
2017-01-31,13101,10062,45137,5786663.6,4731579.01,441.6963285245401
2017-02-01,20232,15351,104667,3754242.39,3007642.45,185.5596278173191
2017-02-02,19312,14146,65888,2084558.98,1704689.79,107.94112365368683
2017-02-03,20370,16455,82660,2527455.7,2118774.82,124.07735395189005
2017-02-04,18498,13014,98103,2511052.37,2067059.03,135.7472359173965
2017-02-05,19918,14950,64989,2436308.96,2039899.33,122.31694748468722
2017-02-06,16421,13077,77641,2567404.94,2085607.67,156.34887887461178
2017-02-07,19113,14914,80835,2738634.88,2219123.05,143.28650028776224
2017-02-08,18913,13297,101831,1933130.03,1586818.66,102.21170782001798
2017-02-09,19358,14364,82492,2516914.69,2076822.36,130.0193558218824
2017-02-10,20565,14652,100848,2588464.94,2130151.17,125.8674903963044
2017-02-11,20397,15311,85105,3014037.02,2552520.25,147.76864342795508
2017-02-12,19746,15695,63249,3603536.48,2886850.52,182.49450420338297
2017-02-13,18134,13438,64163,4440040.43,3602625.97,244.84616907466636
2017-02-14,20499,15808,84387,3875527.43,3254271.21,189.05934094346065
2017-02-15,18861,14219,62685,2042667.61,1725509.05,108.30112984465299
2017-02-16,21116,14886,72121,3533527.8,2858753.36,167.33888046978595
2017-02-17,19370,14607,104239,3023518.61,2507056.83,156.09285544656686
2017-02-18,16868,13003,64837,3277433.63,2800726.99,194.29888724211523
2017-02-19,19576,14548,65886,4520643.56,3744775.49,230.92784838577847
2017-02-20,20870,14625,96876,5623470.83,4661358.55,269.45236367992334
2017-02-21,18854,13238,88714,5243661.46,4397106.06,278.1193094303596
2017-02-22,17550,12520,85769,4461426.24,3673004.77,254.21232136752138
2017-02-23,19901,15174,92090,5005082.74,4050645.07,251.49905733380234
2017-02-24,18825,15336,70231,5197080.94,4291124.12,276.0733567065073
2017-02-25,21844,17534,118820,7193655.77,5984598.22,329.31952801684673
2017-02-26,19969,14510,94524,6951383.99,5568547.06,348.10876809054037
2017-02-27,16986,13530,90178,7418488.93,6084966.92,436.7413711291652
2017-02-28,18395,14684,80475,5900508.14,4852701.48,320.7669551508562
2017-03-01,31339,25451,117827,4138759.12,3461752.84,132.06417307508218
2017-03-02,26292,20817,93912,1084768.59,894235.96,41.25850410771338
2017-03-03,22532,17241,122003,1291387.67,1088338.93,57.31349502929167
2017-03-04,26587,19627,129329,1414852.54,1091358.11,53.215952909316584
2017-03-05,24658,20216,107200,2359240.19,1784452.73,95.67848933409036
2017-03-06,25866,18584,119513,3890607.23,3160109.06,150.41394997293744
2017-03-07,26052,21324,121338,3220221.21,2644266.94,123.60744702901889
2017-03-08,24150,19653,126445,4553707.12,3607122.81,188.55930103519668
2017-03-09,29725,22479,144087,4967983.41,4034647.4,167.13148561816652
2017-03-10,25479,20206,107208,6057343.95,4929376.63,237.73868479924644
2017-03-11,29217,21324,153598,4368486.87,3465509.34,149.51866618749358
2017-03-12,28008,20985,90754,3116003.75,2481856.51,111.25406133961725
2017-03-13,25233,19194,131380,4924647.72,4152542.23,195.16695279990486
2017-03-14,27428,19351,134330,5669415.23,4519981.15,206.70173654659473
2017-03-15,26362,19478,121330,7298281.44,5862653.36,276.84854866853806
2017-03-16,23997,18520,93928,7437742.79,6020449.52,309.94469266991706
2017-03-17,28117,20066,102977,7834618.24,6274517.1,278.64346267382723
2017-03-18,26019,21045,122810,5974783.9,4875618.15,229.6315730812099
2017-03-19,30770,24465,120261,5122059.27,4468071.53,166.46276470588234
2017-03-20,26717,21702,140692,5574811.65,4750949.98,208.66158812740952
2017-03-21,28025,21297,140613,6395400.59,5699224.23,228.20341088314004
2017-03-22,29633,22377,125447,6704488.72,5884865.16,226.25075827624607
2017-03-23,27385,19403,112532,8227253.04,7586583.97,300.42917801716266
2017-03-24,29258,21262,108868,8043513.7,7275137.93,274.91673046688084
2017-03-25,24253,19444,80650,5949599.34,5438511.57,245.31395456232218
2017-03-26,25932,20343,85961,5631526.96,5140078.21,217.1651611908067
2017-03-27,28655,22329,106341,6690279.11,5981854.17,233.47684906648055
2017-03-28,27352,19599,104654,7528150.84,6808020.58,275.23218923661886
2017-03-29,24119,17923,116628,8839810.76,8216778.38,366.5081786143704
2017-03-30,26971,19071,86387,17516038.82,16224964.49,649.4397248896963
2017-03-31,24915,20002,92676,16556662.03,15209810.1,664.5258691551275
2017-04-01,38431,28563,187339,15808755.61,14645912.76,411.3542611433478
2017-04-02,40207,28170,178934,14750037.65,13407725.54,366.85247966771954
2017-04-03,33072,25843,112801,11986923.68,10898039.76,362.44931301403
2017-04-04,33989,27225,155858,3822590.98,3438348.87,112.46553237812233
2017-04-05,36364,25936,177513,4629254.97,4199168.99,127.30323864261356
2017-04-06,34141,24945,126208,3991728.43,3603945.57,116.91890776485751
2017-04-07,32188,25653,157226,3428956.51,3033332.62,106.52903286939231
2017-04-08,40281,28931,155181,3512061.04,3104040.68,87.18902311263375
2017-04-09,34091,24873,185984,5195329.1,4683867.18,152.39591387756298
2017-04-10,33877,24739,131585,4956146.85,4458418.44,146.2982805443221
2017-04-11,32932,23764,125962,6400896.15,5775011.4,194.3670639499575
2017-04-12,35148,27088,152289,6346191.53,5932271.71,180.55626294526004
2017-04-13,42500,34195,161371,6080699.31,5675033.32,143.07527788235294
2017-04-14,37043,27050,185341,5046450.29,4501125.15,136.23222444186487
2017-04-15,35179,26145,114493,5118767.2,4382670.97,145.50633048125303
2017-04-16,33153,24240,136032,5550880.17,4613246.21,167.43221337435526
2017-04-17,28523,22616,137529,6659045.31,5533903.49,233.462304456053
2017-04-18,32079,24550,106023,8056843.67,6512827.94,251.1563225162879
2017-04-19,35793,26391,161461,8628781.58,6869166.87,241.07455591875507
2017-04-20,37700,30613,156417,7240460.1,5704449.86,192.0546445623342
2017-04-21,34469,27342,113849,5516371.41,4399591.55,160.03862630189445
2017-04-22,35014,27749,178933,5307716.56,4273571.86,151.58840920774546
2017-04-23,34949,27137,154407,7933547.43,6292750.65,227.00356033076767
2017-04-24,39024,29763,128812,7075130.23,5783275.04,181.30202516400166
2017-04-25,32804,26730,168725,8289377.68,6751931.23,252.69411291305937
2017-04-26,37962,27673,208232,11677117.94,9490915.85,307.60017754596703
2017-04-27,33066,26305,130394,10910842.34,8767860.5,329.97164277505595
2017-04-28,39311,31002,183407,8873238.46,7052027.5,225.7189707715398
2017-04-29,34984,26887,117941,13969061.08,11193381.32,399.29856734507206
2017-04-30,33629,23674,152003,12763691.95,10213945.04,379.54420143328673
2017-05-01,35419,28180,139200,10437173.89,8248934.13,294.67726050989586
2017-05-02,31907,25516,137623,10668293.77,8545428.77,334.35590215313255
2017-05-03,32706,26684,159335,11066087.91,8850240.81,338.35039167125296
2017-05-04,40776,31284,177898,5096072.55,4205229.55,124.9772550029429
2017-05-05,34742,26251,146458,5663567.39,4486107.35,163.01788584422312
2017-05-06,32822,25112,108429,3743378.15,2996412.53,114.05088507708244
2017-05-07,31502,25544,126351,4893557.72,3947883.38,155.341175798362
2017-05-08,38996,31829,154237,5867384.27,4768855.8,150.46118242896705
2017-05-09,32416,23982,130327,6383091.75,5203605.53,196.91176425222113
2017-05-10,31077,21933,108879,7501996.22,6032076.17,241.40027093992342
2017-05-11,40565,31416,187398,10239562.28,8268973.88,252.4235740170097
2017-05-12,36556,28715,185671,8320439.9,6726540.41,227.60805066199805
2017-05-13,36185,25745,115795,7357524.23,5896933.82,203.3307787757358
2017-05-14,35091,25607,124227,6662133.39,5287890.68,189.8530503547918
2017-05-15,30119,22719,105449,7541584.53,6196974.67,250.39292572794582
2017-05-16,29307,21668,114024,6978902.38,5556954.23,238.1309031971884
2017-05-17,35769,25156,117395,7526190.32,5942140.35,210.41097933965167
2017-05-18,30812,22207,157739,10554187.11,8417567.55,342.5349574840971
2017-05-19,33045,26472,149938,8723026.23,6978931.62,263.97416341352704
2017-05-20,35913,28096,193013,6210104.92,4916762.05,172.92080639322808
2017-05-21,33719,27372,161464,7924193.43,6410830.66,235.00677451881728
2017-05-22,30096,23024,119937,7701304.95,6167091.35,255.89131279904308
2017-05-23,36796,28201,184009,8875094.41,7259320.81,241.19726084356995
2017-05-24,33264,25804,148653,9809118.2,7989958.15,294.88691077441075
2017-05-25,42164,30899,163992,12997641.6,10345551.33,308.2639597761123
2017-05-26,38464,29297,162907,10924584.92,8936147.49,284.02103057404327
2017-05-27,37792,26861,164495,6842735.97,5377732.71,181.06308133996612
2017-05-28,36429,25857,184949,6133951.19,4817050.8,168.38099289027974
2017-05-29,37677,27433,176246,7513494.18,5975112.76,199.4185890596385
2017-05-30,33980,26896,157781,15437626.24,12468271.46,454.31507474985284
2017-05-31,33594,25749,174323,17314841.86,13846685.08,515.4147127463237
2017-06-01,35023,25765,160167,17639270.88,14102311.81,503.64819918339373
2017-06-02,34130,26604,146895,17528852.88,14154253.77,513.5907670670964
2017-06-03,35091,27042,133878,15308256.14,12312510.57,436.2445111282095
2017-06-04,35649,26916,179071,4982217.86,4015671.63,139.7575769306292
2017-06-05,35826,29166,119666,6879970.92,5535512.4,192.03848936526543
2017-06-06,32575,25695,133505,5342823.74,4216558.08,164.01607797390636
2017-06-07,39435,29407,178969,7640608.49,6119021.16,193.7519586661595
2017-06-08,40944,33493,180190,7229728.05,5870597.71,176.5760074736225
2017-06-09,35721,27148,133317,6070420.59,4805414.43,169.9398278323675
2017-06-10,33686,24717,143139,6331260.25,5062026.02,187.94930386510717
2017-06-11,35853,25199,143300,6522568.24,5237226.84,181.92531280506515
2017-06-12,31576,23416,141683,6628740.01,5335810.64,209.92969375475045
2017-06-13,37243,27019,175384,9097973.24,7325847.9,244.2867985930242
2017-06-14,37351,29518,179754,10026676.46,8103723.85,268.4446590452732
2017-06-15,36969,25886,188129,7940593.56,6369139.96,214.79059644567067
2017-06-16,34268,28084,145117,7143718.68,5840484.65,208.46616902066066
2017-06-17,34308,27419,171234,7455304.37,6136710.77,217.30512912440247
2017-06-18,32370,23780,143718,7827068.5,6257008.19,241.80007723200495
2017-06-19,33905,25119,108701,7342525.83,5820728.91,216.5617410411444
2017-06-20,34714,27073,188181,8225238.75,6368214.24,236.94298409863455
2017-06-21,35493,27221,143116,10655514.59,8609715.32,300.21453779618514
2017-06-22,35661,25646,158778,9198620.13,7431185.52,257.9462193993438
2017-06-23,33715,24358,120962,6526283.84,5230359.86,193.5721144890998
2017-06-24,35424,25113,130720,7602436.11,6685562.91,214.6125821476965
2017-06-25,36412,28892,119913,7066545.51,6587328.34,194.07188591673074
2017-06-26,30718,23077,136114,7983541.46,7671373.55,259.8978273325086
2017-06-27,35040,27683,132527,9250037.34,9101777.72,263.98508390410956
2017-06-28,42111,34054,146124,11067229.74,10779722.88,262.8108983401012
2017-06-29,37150,27468,120218,14575854.67,14163551.21,392.3514043068641
2017-06-30,35611,25213,157515,10343460.86,10016805.64,290.456905450563
2017-07-01,27145,22248,147955,9399552.7,9077728.29,346.27197273899424
2017-07-02,23645,16898,105672,8465410.55,8425628.54,358.0211693804187
2017-07-03,29634,22682,146736,7335280.55,7353625.52,247.52920800431934
2017-07-04,23817,17795,91606,1548331.57,1505172.52,65.00951295293278
2017-07-05,30269,22948,122353,2498941.43,2468637.84,82.55777957646437
2017-07-06,25118,18918,82615,3806545.74,3785638.98,151.54652997850147
2017-07-07,26598,18854,90748,3910669.38,3735165.73,147.02870065418452
2017-07-08,25459,19735,132902,2775904.89,2709365.34,109.03432538591461
2017-07-09,26766,20461,123557,4305575.04,4091213.73,160.85986101770902
2017-07-10,29237,23394,130703,4406742.02,4296558.78,150.7248356534528
2017-07-11,26995,20036,108610,4944810.32,4863855.67,183.17504426745694
2017-07-12,26508,20514,98051,4751983.65,4543652.2,179.2660196921684
2017-07-13,27766,21735,135675,6163660.52,5965250.9,221.98590074191455
2017-07-14,28660,22433,96760,4470547.96,4429144.59,155.98562316817865
2017-07-15,28075,20085,111258,4914470.82,4964833.31,175.04793659839717
2017-07-16,27449,19255,149747,5679726.46,5555676.19,206.9192487886626
2017-07-17,25338,19798,118388,5903451.12,5721733.07,232.98804641250297
2017-07-18,30601,24469,141407,5722567.0,5454385.63,187.0058821607137
2017-07-19,29232,23099,131517,5823778.88,5343161.22,199.22615216201422
2017-07-20,27033,19410,112947,7767875.77,6983084.24,287.34789960418743
2017-07-21,26517,19629,88480,7742137.96,6801188.17,291.9688486631218
2017-07-22,27599,20340,104019,5031209.52,4280297.37,182.29680495670132
2017-07-23,25790,18090,117908,5822844.6,4618045.67,225.7791624660721
2017-07-24,29863,22909,115978,5657508.49,4478937.41,189.44876569668153
2017-07-25,30138,21262,110196,7277905.64,5735726.58,241.4860189793616
2017-07-26,29732,22503,146625,8323356.74,6749350.5,279.94607628144763
2017-07-27,26209,19977,93723,10162217.48,8082143.68,387.73770384219165
2017-07-28,25463,19086,122555,8483149.48,6878556.14,333.1559313513726
2017-07-29,25990,18977,137669,7623158.15,6127361.47,293.3112023855329
2017-07-30,31426,23608,165188,8808543.18,8256517.97,280.2947616623178
2017-07-31,25165,19158,119787,9466549.72,11128407.08,376.1792060401351
2017-08-01,28290,22258,146911,7103485.92,8893176.14,251.095295864263
2017-08-02,26788,20979,114784,6242432.38,8556480.36,233.03092354785724
2017-08-03,31496,22536,143701,6560878.74,8998020.07,208.30831661163322
2017-08-04,30889,23962,151068,5472043.99,7638550.59,177.1518660364531
2017-08-05,34707,27103,183550,1626028.13,2192300.16,46.85014924943095
2017-08-06,35889,25345,116865,2056024.63,2936220.92,57.288434617849475
2017-08-07,31053,24200,119017,2070918.21,2673620.96,66.68979518887063
2017-08-08,30612,21678,109280,2631383.27,3603508.2,85.95920782699595
2017-08-09,31315,23629,161035,2635632.31,3591835.02,84.16517036563947
2017-08-10,33136,24768,140706,3124252.01,4079777.28,94.28573183244809
2017-08-11,30520,21870,130101,3164344.57,4365179.69,103.68101474442987
2017-08-12,31638,24053,168384,2404905.33,3325606.06,76.01319078323536
2017-08-13,33074,25703,134513,2375693.54,3146463.17,71.82964080546652
2017-08-14,34068,27358,160835,3038574.28,4128458.45,89.19144886697194
2017-08-15,35864,25366,115515,2570726.93,3709393.15,71.6798720165068
2017-08-16,33700,25872,170639,3226436.89,4462853.41,95.73996706231455
2017-08-17,28915,20843,111578,4035498.92,5750566.25,139.5642026629777
2017-08-18,30910,21663,162728,3226338.29,4356894.77,104.37846295697186
2017-08-19,32936,25133,134014,2594209.32,3620782.22,78.765160310906
2017-08-20,33483,25702,121266,2793076.6,3941814.02,83.417752292208
2017-08-21,30617,24399,136168,2634922.72,3676913.21,86.06077407975961
2017-08-22,34121,24435,178933,3146373.54,4106696.92,92.21223117728086
2017-08-23,34443,27665,164113,3476965.73,4769850.97,100.94839967482507
2017-08-24,31644,25469,118814,4910360.99,6796852.79,155.17510396915688
2017-08-25,33330,24632,156353,3349335.96,4548124.98,100.49012781278128
2017-08-26,32780,24563,144906,2646726.51,3741666.75,80.74211439902379
2017-08-27,35204,26254,132453,2383553.18,3067888.41,67.7068850130667
2017-08-28,28810,22222,120902,3635080.01,5161278.75,126.17424540090245
2017-08-29,32051,23655,174402,7306573.99,9554867.54,227.96711459860848
2017-08-30,30624,21466,126950,6946636.36,9396255.8,226.83634926854756
2017-08-31,31077,22060,161632,7907948.51,10017576.0,254.46305981915884
2017-09-01,20846,16703,76000,5962206.68,7605277.51,286.0120253286002
2017-09-02,23091,18684,106469,6245530.26,7453975.27,270.4746550604131
2017-09-03,19088,13619,80620,2366258.16,2028274.79,123.96574601844091
2017-09-04,22223,17808,119084,3110959.61,2696832.33,139.9882828600999
2017-09-05,22874,17929,110468,4156708.13,3697301.2,181.72196074145316
2017-09-06,23093,18419,87810,3962558.61,3470517.33,171.59133113930628
2017-09-07,24979,18665,82315,3177169.11,2911789.0,127.19360702990511
2017-09-08,19331,15167,102782,2758623.23,2466116.27,142.70463142103358
2017-09-09,19179,15303,92723,3407389.12,3057748.67,177.66250169456177
2017-09-10,22223,15732,82195,2833078.04,2447241.71,127.48404985825496
2017-09-11,20980,15408,88063,4351501.62,3874079.03,207.41189799809342
2017-09-12,22613,15960,108189,5272757.92,4657582.93,233.17374607526645
2017-09-13,23911,16994,111917,4375381.18,3897483.92,182.98612270503114
2017-09-14,21462,15173,105722,2944995.39,2598454.0,137.21905647190383
2017-09-15,18682,14184,86802,4050240.35,3493814.51,216.79907665132214
2017-09-16,23441,17775,78852,3998480.39,3572766.48,170.57635723731923
2017-09-17,21658,16922,102167,3646297.83,3324722.05,168.3580122818358
2017-09-18,26686,20277,86684,4708998.08,4108242.1,176.459494866222
2017-09-19,22505,16516,111810,5863767.93,5193156.23,260.5540071095312
2017-09-20,23533,18431,80584,4348094.84,3813888.37,184.76585390727914
2017-09-21,25061,18573,86344,3941062.22,3437534.89,157.25877738318505
2017-09-22,22964,18801,98691,4296469.47,3871217.73,187.09586613830342
2017-09-23,20569,16593,70094,4068464.64,3622953.87,197.79593757596385
2017-09-24,20937,15172,72188,3893369.27,3496467.09,185.95640588431962
2017-09-25,23029,18798,118847,5274815.56,4684517.64,229.05100351730425
2017-09-26,23233,18525,97864,5803004.55,5062124.41,249.7742241639048
2017-09-27,18923,13403,94972,7446035.82,6568633.22,393.49129736299744
2017-09-28,21195,16470,108775,7777371.32,7033425.19,366.94368105685305
2017-09-29,20000,16351,77127,5297992.65,4816175.26,264.8996325
2017-09-30,22021,16969,95903,5604370.48,4849617.32,254.50117978293449
2017-10-01,17915,14178,59367,4057941.88,3476480.87,226.51085012559307
2017-10-02,16833,12837,82412,2879522.46,2342981.57,171.06412760648726
2017-10-03,18334,14736,66664,2733645.95,2251158.64,149.10253899858188
2017-10-04,17386,13879,59820,3991921.57,3166198.46,229.60551995858737
2017-10-05,17122,12358,80059,3219806.7,2540926.63,188.05085270412337
2017-10-06,15453,10992,79238,2919860.88,2393697.54,188.9510696952048
2017-10-07,19468,13738,96644,3614512.4,2790501.3,185.66429011711526
2017-10-08,16925,13107,66952,3915909.65,3064193.34,231.3683692762186
2017-10-09,18314,13255,83649,3295589.64,2601027.16,179.94919951949328
2017-10-10,16264,11813,65359,3865996.54,3056078.01,237.70268937530744
2017-10-11,17697,14266,67961,5115944.9,4157714.79,289.08543255919085
2017-10-12,17354,13593,92248,4480692.67,3480805.66,258.1936539126426
2017-10-13,19097,14182,78609,3073492.71,2485145.78,160.94112740220976
2017-10-14,17842,14135,58830,3790006.69,2996354.65,212.42050723013114
2017-10-15,15929,12116,79246,3744243.63,2920145.88,235.0582980726976
2017-10-16,18508,15059,79703,4113305.99,3202804.6,222.24475848281824
2017-10-17,14949,11039,59306,4345077.6,3330124.96,290.6600842865743
2017-10-18,19764,15554,71338,6078621.94,4769081.72,307.5603086419753
2017-10-19,17442,12576,80272,3916465.28,3063562.45,224.54221304896225
2017-10-20,17968,14229,95705,3454637.53,2776840.51,192.26611364648264
2017-10-21,18349,14662,66645,3395571.6,2700303.7,185.0548585753992
2017-10-22,18520,14092,73426,3560322.33,2849008.19,192.24202645788338
2017-10-23,16768,12376,70432,3915143.5,3019168.91,233.48899689885496
2017-10-24,17739,12781,65769,3172297.01,2492929.42,178.83178364056596
2017-10-25,19179,15268,72475,6656072.71,5320570.98,347.050039626675
2017-10-26,19358,14916,98511,5244501.34,4208554.22,270.9216520301684
2017-10-27,17948,12685,93032,3452345.34,2711681.12,192.35264876309338
2017-10-28,18092,13116,88459,3658997.27,2958790.37,202.24393488834843
2017-10-29,19456,14861,97374,7644126.36,6130363.53,392.8930078125
2017-10-30,16394,12277,56462,7135440.35,5691818.99,435.2470629498597
2017-10-31,17456,13639,85404,7280919.6,5711548.55,417.10126031164066
2017-11-01,14321,11372,51949,7083914.55,5591633.48,494.65222749807975
2017-11-02,12018,9483,44492,5199936.08,4288675.49,432.6789881843901
2017-11-03,15192,12008,52311,1577128.76,1289906.6,103.81310953133229
2017-11-04,13373,10254,64034,1931786.56,1566251.33,144.45424063411352
2017-11-05,13852,11242,56895,2523519.9,2073018.57,182.17729569737222
2017-11-06,14695,10725,75189,3018330.58,2360833.81,205.39847431099014
2017-11-07,14231,10696,72485,4095990.43,3338509.96,287.8216871618298
2017-11-08,15737,12892,70203,4277782.67,3348300.89,271.8296161911419
2017-11-09,14570,10374,71269,2792998.33,2205753.88,191.69514962251202
2017-11-10,12163,8640,46045,3541249.75,2843011.6,291.1493669325002
2017-11-11,14199,10391,69029,2921904.65,2403613.27,205.7824248186492
2017-11-12,16862,12751,72373,3084484.33,2422146.93,182.9251767287392
2017-11-13,15862,12395,55608,3746234.93,2946152.31,236.17670722481404
2017-11-14,14054,11085,48002,4154076.39,3314644.14,295.5796492101893
2017-11-15,17195,12430,84000,3854132.18,3119546.66,224.14261006106426
2017-11-16,16292,12647,89319,3066706.38,2516030.25,188.23388043211392
2017-11-17,15449,10944,60520,2781968.82,2191402.04,180.07436209463395
2017-11-18,13233,9863,59263,2774765.8,2218818.06,209.68531701050404
2017-11-19,17300,12388,88596,3132539.58,2911417.5,181.0716520231214
2017-11-20,14606,10292,59542,2995966.89,2760945.71,205.1189161988224
2017-11-21,12991,10410,66044,2297213.47,2128140.16,176.83115002694174
2017-11-22,16414,11974,54277,2248567.69,2263677.12,136.99084257341295
2017-11-23,16073,12474,84984,1749357.29,1656734.06,108.83825608162758
2017-11-24,16534,12308,76128,1620958.87,1618303.7,98.03791399540341
2017-11-25,13887,10739,47740,2674533.14,2727514.77,192.59257867069923
2017-11-26,15331,11878,56009,2940959.43,2955583.74,191.83089361424567
2017-11-27,15891,11381,78015,3888410.38,3813390.96,244.69261720470706
2017-11-28,14540,11330,46626,5847881.51,5752351.51,402.1926760660247
2017-11-29,14488,11480,59571,4871438.96,4803864.88,336.2395748205411
2017-11-30,15443,12167,53521,4264134.96,4156136.15,276.1208936087548
2017-12-01,16368,12107,53712,2565213.32,2510402.2,156.72124389051808
2017-12-02,15521,10884,85143,2798541.49,2818052.3,180.30677726950586
2017-12-03,16466,11801,81064,1410398.63,1318304.86,85.65520648609255
2017-12-04,17262,13107,70326,1209471.35,1144863.17,70.06553991426254
2017-12-05,15001,11194,79075,1723297.16,1680632.44,114.87881874541696
2017-12-06,18173,14139,71724,1875094.15,1865514.43,103.18022065701865
2017-12-07,15975,12565,77815,2133387.42,2193351.43,133.54537840375588
2017-12-08,15992,12153,80340,1553493.17,1488945.36,97.14189407203601
2017-12-09,15565,11541,78310,1605808.62,1631952.74,103.16791647928045
2017-12-10,17215,13767,92344,1836022.63,1769756.1,106.65249085100203
2017-12-11,17260,12272,94346,2040261.84,2142116.71,118.20752259559676
2017-12-12,17386,13528,75549,2636835.06,2612267.82,151.6642735534338
2017-12-13,16360,12417,89686,2887343.12,2845278.71,176.48796577017114
2017-12-14,17626,12709,56746,2544808.4,2511218.15,144.37810053330307
2017-12-15,16696,12618,88119,2615767.25,2602096.36,156.67029528030665
2017-12-16,15380,12573,76990,1895310.17,1824600.76,123.23213068920676
2017-12-17,16427,12479,56203,2997880.85,2962168.44,182.49716016314605
2017-12-18,16764,13481,92034,2575839.99,2572642.87,153.65306549749465
2017-12-19,19770,14315,68091,2830509.48,2835294.19,143.17195144157816
2017-12-20,15328,12099,75750,3950305.28,3962113.72,257.7182463465553
2017-12-21,15794,12560,68764,2446276.92,2392977.63,154.88647081170063
2017-12-22,16334,12950,56385,2423079.28,2383321.92,148.3457377249908
2017-12-23,16850,12718,87565,2343205.29,2302420.5,139.0626284866469
2017-12-24,18787,13195,88138,1582944.12,1537881.36,84.25741842763614
2017-12-25,19152,14167,102672,1888197.46,1829750.85,98.59009294068504
2017-12-26,15201,11994,52565,2701416.56,2654070.12,177.7130820340767
2017-12-27,17541,13665,71457,4103218.35,4112542.69,233.92157516675218
2017-12-28,17951,13961,93009,3545279.44,3453711.8,197.49760124784135
2017-12-29,17291,12167,62258,6520226.98,6483039.79,377.08790584697243
2017-12-30,16564,13467,76662,5342810.18,5371586.26,322.55555300652014
2017-12-31,15712,11391,75745,5157535.61,5013423.96,328.2545576629328
2018-01-01,13904,10077,53381,4076479.77,3905605.37,293.1875553797468
2018-01-02,12928,10507,60337,3624718.09,3245091.67,280.3773275061881
2018-01-03,14048,10822,47328,1228388.32,997328.86,87.44222095671982
2018-01-04,11481,9267,37524,1209588.0,943742.57,105.35563104259211
2018-01-05,13547,9619,73673,1515574.79,1226621.86,111.8753074481435
2018-01-06,13294,10711,69884,1836672.15,1424469.16,138.1579772829848
2018-01-07,13866,9930,51120,1476050.73,1224918.4,106.45108394634357
2018-01-08,13310,9713,49025,2536686.97,2085102.3,190.58504658151767
2018-01-09,13582,9879,67305,2729162.63,2140605.04,200.9396723604771
2018-01-10,14394,10246,55185,2434343.96,1884221.76,169.12213144365708
2018-01-11,13327,10140,46271,2183840.91,1845305.97,163.86590455466347
2018-01-12,16056,12141,64034,2862550.24,2341061.28,178.28539113104137
2018-01-13,11440,8719,61413,2753366.32,2271479.73,240.6788741258741
2018-01-14,15058,11539,62934,2226116.52,1762940.79,147.8361349448798
2018-01-15,12203,9300,47063,3128561.64,2520530.26,256.3764353027944
2018-01-16,12004,9665,64845,3770286.85,3022848.85,314.0858755414862
2018-01-17,13315,10603,59094,3240996.79,2645347.64,243.40944723995494
2018-01-18,14303,10695,72093,2110305.53,1667911.37,147.54286023911067
2018-01-19,14149,10956,56631,2086549.59,1700643.75,147.46975687327728
2018-01-20,13626,10427,68278,2418121.84,2008335.01,177.46380742697784
2018-01-21,11820,9291,45315,2484308.01,1971853.24,210.1783426395939
2018-01-22,13976,10323,74019,3315490.36,2730843.03,237.2274155695478
2018-01-23,14031,10228,45833,4611238.46,3755442.15,328.6464585560544
2018-01-24,13276,9889,56881,3270861.1,2653232.42,246.37399065983732
2018-01-25,12850,9395,65032,2275701.54,1820602.61,177.09739610894943
2018-01-26,14225,10076,76115,2897617.42,2400983.47,203.69893989455184
2018-01-27,13116,9200,46423,3617772.88,2965865.28,275.82897834705705
2018-01-28,14338,10498,54629,3128272.36,2453931.52,218.18052448040171
2018-01-29,14330,11734,56472,5197360.04,4086899.16,362.6908611304955
2018-01-30,14184,10806,63903,5706924.49,4618954.53,402.3494423293852
2018-01-31,13111,10727,55626,5009601.43,4199624.93,382.09148272442985
2018-02-01,18158,13551,99763,3670728.79,3012405.31,202.15490637735434
2018-02-02,20628,15815,77262,4258063.02,3505527.95,206.42151541593947
2018-02-03,17142,12608,84791,1981564.16,1568068.11,115.59702251779255
2018-02-04,21937,16156,71702,2874335.62,2202119.84,131.0268322924739
2018-02-05,20312,14559,94216,3130745.66,2498095.83,154.13281114612053
2018-02-06,20841,15923,93977,3339473.15,2568216.59,160.23574444604384
2018-02-07,22384,17511,84703,2805812.6,2202832.26,125.34902609006434
2018-02-08,19053,14537,77067,2150875.76,1718669.78,112.88908623313912
2018-02-09,23928,17973,97995,2144621.01,1686060.42,89.62809302908725
2018-02-10,17673,12439,84212,2584198.15,2095864.1,146.22294743393877
2018-02-11,19511,14638,89520,2962791.58,2320546.01,151.85236943262774
2018-02-12,21143,14809,68725,3622566.63,2796978.04,171.33645319964054
2018-02-13,20955,14914,105610,4418784.14,3538184.9,210.87015700310187
2018-02-14,22852,17086,124421,4218153.95,3395697.77,184.5857671100998
2018-02-15,21016,16188,93867,3128927.36,2501462.4,148.88310620479635
2018-02-16,18882,15239,64391,3463265.1,2649618.11,183.4162217985383
2018-02-17,19469,14949,76665,4206774.3,3318989.93,216.07552005752734
2018-02-18,21695,15462,109393,3926304.19,3167573.08,180.9773768149343
2018-02-19,17034,12909,62250,4186201.52,3338454.11,245.75563696137138
2018-02-20,20969,15753,89224,5091061.73,4033905.61,242.78991511278556
2018-02-21,18697,14423,60082,3907743.08,3150049.7,209.00374819489758
2018-02-22,16486,12941,66844,3063440.84,2341066.15,185.82074730074
2018-02-23,20807,15501,82589,3544367.16,2804587.84,170.3449396837603
2018-02-24,18429,13700,81461,3364498.21,2679591.94,182.56542460252862
2018-02-25,19363,13575,70572,4015454.83,3238625.9,207.37772194391366
2018-02-26,17681,14289,93780,7426597.23,5998758.22,420.0326469091115
2018-02-27,21338,17159,70800,8416365.51,6844455.72,394.4308515324773
2018-02-28,23064,18450,121432,8409092.75,6627677.09,364.5981941553937
2018-03-01,26962,20950,146189,6963830.59,5570058.79,258.28316111564425
2018-03-02,29092,23279,98813,5613671.87,4371797.12,192.96273442870893
2018-03-03,27876,21526,149949,1177076.3,967531.27,42.2254376524609
2018-03-04,30258,21870,124545,2218712.31,1781519.01,73.32646936347412
2018-03-05,26618,20081,104341,2742871.53,2230053.99,103.04574085205499
2018-03-06,29196,23434,122158,3203122.41,2519131.06,109.71100184956843
2018-03-07,26569,19335,94979,4507553.37,3470623.71,169.654611389213
2018-03-08,34353,25095,155950,3419972.83,2864363.46,99.55383314412133
2018-03-09,29115,20468,127999,3250890.44,2689334.35,111.6568930104757
2018-03-10,25362,19672,85753,3479853.91,2832299.24,137.2073933443735
2018-03-11,26119,18591,111401,4342360.28,3337146.36,166.25293005092078
2018-03-12,27756,20759,148710,3648185.26,2790754.99,131.4377165297593
2018-03-13,26655,19160,112081,5344808.38,4343953.93,200.51804089289064
2018-03-14,27642,21968,141297,6867137.98,5489756.33,248.43129947181828
2018-03-15,31602,23640,167018,6357153.0,4930724.06,201.16299601291058
2018-03-16,28981,22332,104925,4667689.08,3716263.52,161.0603181394707
2018-03-17,28478,20529,153768,6875294.96,5458868.53,241.42478263923027
2018-03-18,33664,26103,120319,5615859.9,4613908.21,166.82093334125477
2018-03-19,29822,23760,120238,5314373.17,4472182.88,178.20311079069143
2018-03-20,26355,21495,128021,6054738.37,5116787.38,229.73774881426675
2018-03-21,30225,21804,161283,6826815.9,5913005.8,225.86653101736974
2018-03-22,28583,20430,141889,5512035.33,4925778.06,192.84313508029248
2018-03-23,24716,17705,100647,4008326.65,3711085.6,162.17537829745913
2018-03-24,26212,21135,127578,5227586.74,4619965.13,199.43486723638028
2018-03-25,23343,18573,126488,4970364.06,4473153.96,212.92738979565607
2018-03-26,25091,18621,119391,6133670.91,5616024.38,244.45701287314176
2018-03-27,30251,22878,115879,6350306.2,5743746.71,209.92053816402765
2018-03-28,30581,21506,167274,8582287.61,7811323.78,280.6411696805206
2018-03-29,25464,20112,101309,7363015.35,6638405.71,289.1539172950047
2018-03-30,29367,23066,155084,12176690.89,10927925.46,414.6385701637893
2018-03-31,28256,19940,102427,11278748.95,10156610.77,399.1629724660249
2018-04-01,40226,29826,165701,9326921.27,8552479.35,231.8630057674141
2018-04-02,40849,31424,191170,9532990.22,8745489.29,233.3714465470391
2018-04-03,34758,28049,134893,9176055.6,8274855.19,263.9983773519765
2018-04-04,34281,25289,151738,3771895.32,3451444.47,110.02874245208716
2018-04-05,38153,28260,209383,2915055.94,2584733.26,76.40437029853484
2018-04-06,33990,27256,114295,3716970.57,3290630.48,109.35482700794351
2018-04-07,37970,26750,130583,4650087.25,4137264.98,122.46740189623387
2018-04-08,41237,30368,184076,4317415.31,3833384.91,104.69760918592524
2018-04-09,38879,29987,153130,4916546.48,4479387.83,126.45763728490961
2018-04-10,37779,30196,183909,7060893.97,6323343.96,186.89997008920298
2018-04-11,28383,21274,132116,5719121.32,5144349.61,201.49812634323365
2018-04-12,44218,33173,219615,4925768.26,4274900.55,111.39735537563888
2018-04-13,37055,25955,147670,4955951.73,4445276.84,133.74582998245853
2018-04-14,35319,26697,158222,5934960.89,5111153.97,168.03875789235255
2018-04-15,39032,28257,170493,5904150.09,4782715.57,151.2643495080959
2018-04-16,34822,27737,170463,7603253.45,6190718.89,218.34625954856125
2018-04-17,43094,34356,169578,9179593.09,7283796.97,213.01325219288069
2018-04-18,39902,31111,194491,9507550.23,7504171.54,238.2725234324094
2018-04-19,40961,33526,201133,6670677.39,5141784.57,162.85435878030322
2018-04-20,35604,27892,183788,7753365.66,6032943.55,217.76670205594877
2018-04-21,34335,24248,136326,6793803.83,5216087.55,197.8681762050386
2018-04-22,35770,27328,160066,7058897.65,5480418.64,197.3412818003914
2018-04-23,41030,31142,178894,8991635.45,7095225.16,219.14782963685107
2018-04-24,40760,29004,186444,10052878.22,8047009.91,246.63587389597646
2018-04-25,38340,27746,125240,9547875.66,7562805.33,249.03170735524256
2018-04-26,34008,25877,186139,7281885.08,5826147.75,214.12270877440602
2018-04-27,38475,29471,203546,7916179.31,6291028.22,205.74865003248863
2018-04-28,31176,22646,170784,10502784.65,8150501.12,336.88685687708494
2018-04-29,34533,28246,187174,12074392.53,9758209.64,349.6479463122231
2018-04-30,36513,29598,143406,12464011.32,10080235.11,341.3581825651138
2018-05-01,27608,22557,145666,13778926.53,10888681.41,499.0918041871921
2018-05-02,39960,31187,153413,12779953.62,10186293.15,319.81865915915915
2018-05-03,32729,24929,163856,9480205.54,7740627.05,289.65765956796724
2018-05-04,33324,26152,114014,3081716.09,2431808.71,92.4773763653823
2018-05-05,36485,28172,122272,4882374.55,3844333.13,133.81868027956693
2018-05-06,41927,31062,200310,4852630.6,3859217.33,115.73999093662793
2018-05-07,36044,25587,146400,5630735.57,4477313.26,156.21838780379537
2018-05-08,34926,27779,120521,5961711.29,4782188.47,170.69550735841494
2018-05-09,35193,28654,165437,8207932.76,6468074.72,233.22628818230896
2018-05-10,35384,28150,151189,7249267.2,5767724.99,204.8741578114402
2018-05-11,34796,26089,143086,5934039.42,4706572.43,170.5379762041614
2018-05-12,34524,26447,111369,5782619.05,4599452.28,167.49562767929555
2018-05-13,31346,24540,121932,5902938.45,4640987.62,188.3155251068717
2018-05-14,41790,29502,160981,7023913.46,5532477.08,168.07641684613543
2018-05-15,37625,26932,151990,8789772.31,6971865.67,233.61521089700997
2018-05-16,34563,24230,171423,9398231.32,7399830.54,271.91595984144897
2018-05-17,36783,30142,138732,9816742.13,7698242.57,266.8825851616236
2018-05-18,34098,26485,161075,7337944.43,5819237.35,215.20160801220013
2018-05-19,36343,26694,154398,6925640.35,5627670.43,190.56325427179922
2018-05-20,34373,26804,112561,8653992.04,6799995.97,251.76714397928603
2018-05-21,34907,28015,113096,6241809.14,4958178.74,178.8125344486779
2018-05-22,39610,30329,172611,7847121.97,6132458.54,198.10961802575108
2018-05-23,29420,21478,150125,11779004.94,9369180.79,400.37406322229776
2018-05-24,36243,27824,194795,9030397.74,7160269.86,249.16253455839748
2018-05-25,37954,29878,178017,6498399.18,5141245.68,171.21776835116194
2018-05-26,38529,27569,177123,5600677.63,4596266.34,145.36265228788704
2018-05-27,34124,25951,126584,6413198.63,5135755.4,187.9380679287305
2018-05-28,38930,28999,151548,7438573.25,5854231.41,191.07560364757256
2018-05-29,31312,23118,116886,10262818.32,7905889.83,327.7599105774144
2018-05-30,39158,29293,202153,20905271.35,16535857.67,533.8697418152102
2018-05-31,35888,25472,120845,19289944.12,15561846.1,537.5040158270174
2018-06-01,47179,37945,239522,19245165.78,15287542.6,407.9180520994511
2018-06-02,29884,22953,137345,17529108.34,13707707.44,586.5716885289787
2018-06-03,36288,28957,120447,13779702.07,10827445.24,379.7316487544092
2018-06-04,34071,24605,187212,4373078.45,3458754.81,128.35192539109508
2018-06-05,37927,28705,182011,5537841.59,4323885.63,146.01317241015636
2018-06-06,33776,26974,112758,6238754.07,4903699.53,184.70967758171483
2018-06-07,41500,29983,205089,4523493.87,3579003.08,108.99985228915664
2018-06-08,37564,28762,177882,5863271.23,4570207.33,156.0875101160686
2018-06-09,40097,31883,153368,7018402.9,5469599.5,175.0356111429783
2018-06-10,40800,31690,187618,6333777.67,5115963.75,155.2396487745098
2018-06-11,32986,24599,150352,7812992.68,6338472.32,236.85783908324743
2018-06-12,36251,28989,164285,8959000.0,7232971.98,247.13800998593143
2018-06-13,32938,23239,117179,9047626.88,7216006.11,274.6865893496873
2018-06-14,34917,27025,139828,6994969.99,5361729.98,200.3313569321534
2018-06-15,39046,31002,166369,7278400.85,5850026.61,186.40579956973824
2018-06-16,31765,23429,127180,9653316.6,7581593.64,303.89789390838973
2018-06-17,33962,26621,114192,8270248.42,6473926.23,243.5147641481656
2018-06-18,41049,31882,179211,9578590.6,7481623.41,233.3452849034081
2018-06-19,37705,28117,162384,10591854.27,8526409.74,280.91378517438005
2018-06-20,34798,28382,133347,10442554.6,8340504.64,300.09065463532386
2018-06-21,36911,29597,164959,7960357.2,6345143.3,215.6635474519791
2018-06-22,36318,26821,177512,7890035.7,6262366.78,217.2486287791178
2018-06-23,41607,31405,181887,7919846.87,6623002.69,190.34890451126012
2018-06-24,38453,28066,202524,7114017.67,6244799.31,185.00553064780382
2018-06-25,41673,31372,216679,8744485.32,8162955.36,209.83575264559786
2018-06-26,36493,25827,143130,10888893.34,10123784.8,298.3830690817417
2018-06-27,40418,30516,190692,11081146.52,10874461.91,274.16365282794794
2018-06-28,34949,26799,138918,8513932.2,8332592.17,243.61018054879966
2018-06-29,40113,28258,181229,12484085.14,11945221.58,311.2229237404333
2018-06-30,37244,26665,131397,10005221.27,9784802.48,268.639815003759
2018-07-01,27410,20843,103997,8830377.17,8529895.83,322.1589627873039
2018-07-02,30348,22779,162176,8070014.23,7743177.14,265.91585046790567
2018-07-03,28774,21475,109317,9033060.75,8644208.55,313.9313529575311
2018-07-04,28097,21531,130464,2096565.2,2027736.06,74.61882763284336
2018-07-05,28366,22351,105387,2944993.36,2822619.07,103.82124233236974
2018-07-06,29007,21919,141788,2036989.14,2040145.8,70.22405419381528
2018-07-07,29236,22150,105103,3253556.07,3156576.31,111.28595122451772
2018-07-08,30925,23904,121874,2752144.2,2725199.41,88.9941535974131
2018-07-09,25089,18234,99948,4430764.61,4215804.43,176.60188170114395
2018-07-10,27959,20801,142277,5201122.72,4881351.11,186.02677921241818
2018-07-11,28821,23357,125619,6502831.07,6236313.66,225.6282249054509
2018-07-12,27924,22230,145185,6228668.47,6094439.16,223.05788819653344
2018-07-13,29480,22174,149528,4250921.4,4213700.8,144.19679104477612
2018-07-14,25762,19665,103669,4868504.46,4786402.77,188.98006598866547
2018-07-15,26495,20800,137434,5393026.83,5249791.03,203.5488518588413
2018-07-16,25962,20845,116096,4994805.9,4716050.05,192.38910330483014
2018-07-17,29693,23265,157213,5712604.18,5386803.9,192.38891927390293
2018-07-18,29851,23324,133543,7639039.23,7484190.04,255.90563900706846
2018-07-19,30288,21242,113696,6252432.84,5912775.72,206.43267432646593
2018-07-20,26713,18765,109158,5761282.54,5222554.73,215.67336278216598
2018-07-21,29476,23535,120740,4939690.9,4320031.79,167.5834882616366
2018-07-22,27433,20277,105875,5641320.53,4834937.23,205.63994204060805
2018-07-23,27239,21660,112878,6121614.15,4864263.18,224.73711039318624
2018-07-24,30476,23773,162322,6821739.77,5344675.82,223.83973520147
2018-07-25,34882,25462,165909,7944998.65,6241710.94,227.7678645146494
2018-07-26,31947,26072,140584,6463508.32,5212368.25,202.31972704792312
2018-07-27,28280,20923,151389,5162979.4,4110689.88,182.56645685997174
2018-07-28,25680,18188,124380,6313222.5,5068784.77,245.8419976635514
2018-07-29,27643,19432,122643,6597216.94,5284529.74,238.65777737582752
2018-07-30,31131,22315,112726,7314460.76,5725898.93,234.9574623365777
2018-07-31,27391,20528,142951,12496367.04,9909115.53,456.2216436055638
2018-08-01,34337,26084,135710,13786351.91,10884999.4,401.50135160322685
2018-08-02,32655,26106,143131,10106943.25,7999614.76,309.506760067371
2018-08-03,29494,21206,126311,9026931.62,7058116.81,306.05993151149386
2018-08-04,30114,22002,110771,6859151.1,5490125.8,227.77283323371188
2018-08-05,32477,26417,177486,3117800.12,2491453.39,96.00025002309327
2018-08-06,39013,30452,180333,3924563.55,3048117.59,100.59630251454642
2018-08-07,32519,25917,106275,4212970.63,3334965.62,129.55412620314277
2018-08-08,29424,23086,100598,4647118.76,3610702.93,157.93633632408918
2018-08-09,31580,23104,172112,4946125.63,3977801.47,156.622090880304
2018-08-10,33078,25094,169398,3705554.89,2859379.41,112.02475633351473
2018-08-11,31058,21892,149625,4591065.72,3598807.89,147.8223233949385
2018-08-12,26034,19446,140718,4030885.81,3179458.32,154.83159752631175
2018-08-13,30743,22138,144336,4244815.28,3284829.91,138.07420485964286
2018-08-14,30362,22819,153338,6041631.13,4766947.5,198.9865993676306
2018-08-15,32052,23837,162434,6058071.07,4807626.36,189.00758361412704
2018-08-16,27297,19987,138459,5333680.81,4015767.27,195.39439535480088
2018-08-17,31433,23332,161030,4314679.61,3455461.38,137.26591830242103
2018-08-18,33012,23808,111264,4960825.43,3902500.12,150.27339846116564
2018-08-19,39488,31318,132972,4978431.53,3847035.88,126.07454239262562
2018-08-20,38268,28430,207495,4896843.63,3837284.3,127.96183835058011
2018-08-21,34313,25553,133424,5971341.33,4692653.97,174.02562673039372
2018-08-22,32336,25361,165802,7086185.79,5662221.43,219.14231166501733
2018-08-23,35869,27145,119929,5392520.44,4260217.92,150.33930246173577
2018-08-24,36561,29845,129066,3329330.38,2630754.1,91.06234457482016
2018-08-25,32544,25889,127834,4716376.41,3836954.01,144.9230706120944
2018-08-26,31686,25282,144816,4717920.92,3744613.34,148.89607145111407
2018-08-27,34463,25911,179758,6151109.31,4800826.49,178.4844415750225
2018-08-28,33919,27739,133606,12207075.48,9954369.46,359.8890144166986
2018-08-29,37620,28926,122447,10330752.34,8329694.93,274.60798351940457
2018-08-30,30458,21439,158311,10819458.93,8497693.47,355.2255213736949
2018-08-31,33256,25137,154605,9769233.6,7975907.3,293.75852778445994
2018-09-01,21853,17413,85618,8834290.53,7236711.56,404.25985127900054
2018-09-02,26234,21116,100063,2926208.13,2475973.31,111.54258328886178
2018-09-03,23328,16937,101305,3730127.97,3250956.11,159.8991756687243
2018-09-04,20499,15360,107914,2895558.56,2566039.59,141.25364944631445
2018-09-05,25916,19961,99437,2683914.3,2352008.69,103.56205818799197
2018-09-06,23575,17588,98789,2220736.04,1976596.92,94.19877158006364
2018-09-07,24675,18579,111428,2737800.42,2305499.6,110.95442431610942
2018-09-08,21499,15749,93009,3138040.11,2844198.87,145.96214289036698
2018-09-09,24572,19429,126340,4428844.18,3809539.78,180.2394668728634
2018-09-10,23077,16331,84070,3518686.76,3115017.21,152.47591801360662
2018-09-11,22565,16306,114735,2737148.82,2457613.39,121.30063461112341
2018-09-12,22982,17271,81255,3907657.89,3473624.08,170.0312370550866
2018-09-13,20905,15542,103260,3198359.98,2826009.39,152.9949763214542
2018-09-14,22390,16009,91293,3759913.17,3409768.94,167.92823447967842
2018-09-15,22602,16440,120105,3182906.62,2708850.83,140.82411379523936
2018-09-16,20769,15024,107735,4513878.02,4134396.21,217.33728248832392
2018-09-17,22065,16173,117402,3684035.33,3185261.69,166.9628520280988
2018-09-18,21571,16801,113374,3511249.8,3093197.05,162.77640350470537
2018-09-19,25224,19107,122166,3203671.41,2850137.86,127.00885704091343
2018-09-20,25444,19205,132990,2967505.47,2634513.81,116.62888971859772
2018-09-21,26491,19068,135595,3391440.87,3055926.25,128.02238005360311
2018-09-22,24669,17919,86950,3067943.56,2653342.07,124.36432607726296
2018-09-23,20624,14669,86285,4892505.92,4455722.87,237.22391000775795
2018-09-24,20102,15393,101632,4916532.68,4394814.48,244.5792796736643
2018-09-25,24408,19735,107389,3834324.5,3363603.04,157.09294083906914
2018-09-26,24321,17845,96118,4727732.71,4050861.46,194.38891122897908
2018-09-27,22241,17169,112579,5609192.49,4998150.71,252.20055258306732
2018-09-28,20002,15966,77655,5221949.72,4643296.21,261.07137886211376
2018-09-29,22427,17112,115587,5089871.44,4351327.13,226.95284433941234
2018-09-30,23354,18129,116452,5437181.81,4591821.05,232.81586923011045
2018-10-01,17446,13969,65445,4742181.64,4115311.14,271.8205686117161
2018-10-02,20271,15969,70112,1807247.84,1354070.12,89.15435055004687
2018-10-03,19658,15280,105418,1798411.4,1414782.3,91.48496286499135
2018-10-04,18539,14197,96559,2726313.6,2140614.37,147.0582879335455
2018-10-05,20697,16077,73261,2484898.47,1911895.45,120.06080446441514
2018-10-06,16653,12906,80971,2157385.6,1668290.7,129.54936648051404
2018-10-07,17138,13053,57506,2767415.65,2075893.96,161.4783317773369
2018-10-08,19068,13677,65463,3075660.75,2408923.48,161.2995988042794
2018-10-09,19974,16002,90108,2768213.46,2199027.83,138.59084109342146
2018-10-10,17449,12425,61769,1759060.3,1352309.05,100.81152501576022
2018-10-11,19030,14401,90502,2288675.28,1804152.97,120.26669889647923
2018-10-12,18202,13618,64683,3801607.19,3093283.75,208.85656466322382
2018-10-13,19872,15725,80948,3486645.25,2756384.22,175.45517562399357
2018-10-14,20239,14377,69632,3516624.21,2744217.98,173.75484016008696
2018-10-15,17769,13147,75308,3593428.63,2809961.8,202.2302116044797
2018-10-16,19688,14863,91384,4126610.48,3221862.51,209.6002885006095
2018-10-17,19552,14296,99335,2193280.79,1721100.93,112.17679981587561
2018-10-18,19459,14580,100285,2364712.74,1825738.91,121.5228295390308
2018-10-19,20461,14643,94374,2753648.17,2191447.61,134.58033185083818
2018-10-20,18986,13449,102852,3067392.26,2428564.0,161.56074265248077
2018-10-21,16474,13416,72338,2965006.46,2322786.28,179.9809675852859
2018-10-22,16423,12464,56130,3760345.32,3093167.35,228.9682347926688
2018-10-23,18758,14397,102111,3210408.93,2590626.71,171.14878611792304
2018-10-24,19856,16190,91843,2388950.39,1810211.59,120.31377870668815
2018-10-25,20502,15589,76666,2281239.32,1789602.98,111.26911130621401
2018-10-26,20468,16548,96900,2925667.62,2326884.75,142.93861735391832
2018-10-27,17633,14288,87551,3517566.83,2788248.35,199.4877122440878
2018-10-28,18790,14337,74564,5148086.02,4236118.44,273.9800968600319
2018-10-29,16800,12522,83164,6121160.36,4854267.79,364.35478333333333
2018-10-30,20762,15120,98114,5647021.76,4534254.48,271.9883325305847
2018-10-31,18241,13224,62125,5340696.76,4313400.22,292.78530563017375
2018-11-01,15431,12049,57107,4100504.23,3207191.36,265.73159419350657
2018-11-02,13047,9573,43887,1332091.2,973346.43,102.0994251552081
2018-11-03,14646,11622,77355,1775113.55,1429465.35,121.2012529018162
2018-11-04,16325,12263,85351,2595301.17,2110463.11,158.97710076569678
2018-11-05,13853,9904,50174,2667990.75,2059523.3,192.59299429726414
2018-11-06,15092,12371,58135,2019349.93,1662050.67,133.80267227670288
2018-11-07,16607,12795,90142,2141247.67,1769789.01,128.93645270066838
2018-11-08,17730,13648,64345,1913450.02,1511722.76,107.92160293288212
2018-11-09,14879,12155,53499,2619129.29,2039164.75,176.02858323812083
2018-11-10,15586,11264,81426,2402388.27,1910373.68,154.13757667137173
2018-11-11,18244,14668,98163,3568388.14,2844379.91,195.59242161806623
2018-11-12,15697,11542,78287,2517159.72,2054634.4,160.35928648786393
2018-11-13,15702,11307,84018,1925203.6,1550255.36,122.6088141638008
2018-11-14,16436,12825,87206,1687382.45,1226935.5,102.663814188367
2018-11-15,14003,10197,49244,2055680.2,1571568.0,146.8028422480897
2018-11-16,15836,11472,82918,2040967.69,1635316.04,128.8815161656984
2018-11-17,15104,12205,57142,2025956.74,1601361.16,134.13378840042373
2018-11-18,15009,11168,79389,3630560.3,3005034.69,241.8922180025318
2018-11-19,15077,12273,60967,2171786.9,1822847.47,144.04635537573787
2018-11-20,17846,14400,87533,2495899.61,2196442.6,139.8576493331839
2018-11-21,15276,12136,79255,1870994.01,1826252.29,122.47931461115475
2018-11-22,15961,11888,67405,1690197.81,1647708.27,105.89548336570391
2018-11-23,17599,14309,82555,1647035.11,1656826.5,93.58685777601
2018-11-24,17089,12539,58015,1991985.26,1889498.02,116.56534964011938
2018-11-25,17558,12870,90020,2085511.05,2029509.86,118.77839446406198
2018-11-26,15157,11521,51414,2543960.96,2433523.18,167.84066503925578
2018-11-27,15933,11620,54362,2369522.33,2218838.51,148.7179018389506
2018-11-28,15834,12045,51498,1733474.59,1753556.92,109.4779960843754
2018-11-29,17179,13078,82000,2226459.09,2127649.92,129.60353280167647
2018-11-30,15350,12215,73651,2058963.14,2054767.53,134.13440651465797
2018-12-01,18574,14254,99528,1216044.13,1211686.23,65.47023419834176
2018-12-02,19511,14644,80313,977052.29,950959.05,50.07699707857106
2018-12-03,15506,11009,64657,1855981.25,1750191.91,119.69439249322843
2018-12-04,17005,13022,74402,1606060.57,1508604.3,94.44637283152015
2018-12-05,16108,12734,75172,1085024.44,1036671.25,67.35935187484479
2018-12-06,18794,13315,64401,942014.91,946159.68,50.12317282111312
2018-12-07,16317,12500,53866,1200649.15,1205634.51,73.58271434700005
2018-12-08,19012,14291,82685,1453175.2,1434521.0,76.4346307595203
2018-12-09,20477,15247,109812,1834112.01,1791856.09,89.56937100161157
2018-12-10,20449,16320,78059,1719022.37,1695031.78,84.06388429752067
2018-12-11,16690,12758,71698,1670763.83,1670771.64,100.10568184541643
2018-12-12,19810,14513,106078,1416824.27,1409602.12,71.52065976779404
2018-12-13,16278,12050,84818,1605917.55,1631146.11,98.6557040176926
2018-12-14,17277,14024,71847,1986080.6,1901692.62,114.95517740348441
2018-12-15,16953,12495,82434,1761139.67,1649696.47,103.88365893942074
2018-12-16,17668,13728,81437,1956185.08,1973002.66,110.71910119990945
2018-12-17,19993,14961,82231,1975625.37,2012021.47,98.81585404891713
2018-12-18,17386,14023,73775,1917848.83,1813056.96,110.30995226043945
2018-12-19,19880,14317,99436,1548668.19,1537872.76,77.9008143863179
2018-12-20,16785,12570,86527,2111859.13,1955020.76,125.8182383080131
2018-12-21,17089,13989,75369,1795780.71,1747996.02,105.0840136930189
2018-12-22,19131,15097,92396,1497206.71,1451328.96,78.26076577282944
2018-12-23,18677,14418,67357,1221387.72,1203158.82,65.39528403919259
2018-12-24,18196,14167,81305,2110373.43,2051630.86,115.98007419213015
2018-12-25,18220,13502,82734,1398293.31,1329598.03,76.74496761800219
2018-12-26,16195,11429,85129,1989426.16,1906954.63,122.8419981475764
2018-12-27,20352,14676,96078,2379859.2,2336594.02,116.93490566037737
2018-12-28,16913,12431,77764,4637468.16,4553417.55,274.19548039969254
2018-12-29,18932,15491,81645,4597405.16,4592577.25,242.83779632368478
2018-12-30,16773,12407,59562,3975279.59,3817470.28,237.00468550646872
2018-12-31,17432,12802,79582,3827364.78,3811034.54,219.55970513997246
2019-01-01,13010,10036,51325,2430742.1,2422276.45,186.83644119907763
2019-01-02,12737,9001,48341,857486.8,611460.51,67.32250922509226
2019-01-03,13152,9372,68314,1095516.84,931676.57,83.29659671532848
2019-01-04,15690,11339,79556,1356732.44,1032253.29,86.47115615041427
2019-01-05,14519,11859,75716,1752585.71,1344358.95,120.70980852675804
2019-01-06,14231,10763,49759,1660128.37,1324455.7,116.65577752793199
2019-01-07,15866,12380,77357,1936096.71,1554210.1,122.02802911887053
2019-01-08,15100,11084,66828,1715399.79,1347590.83,113.60263509933775
2019-01-09,15325,11547,55452,1858318.85,1516237.67,121.2606101141925
2019-01-10,16076,12915,67366,1259650.79,1032558.86,78.35598345359543
2019-01-11,13433,9721,57341,2153841.45,1671962.72,160.3395704608055
2019-01-12,14383,11480,57737,2073990.81,1674370.35,144.1973725926441
2019-01-13,16540,12051,79348,3354624.45,2671314.89,202.81889056831923
2019-01-14,13279,10415,53209,2361690.18,1807957.6,177.85150839671664
2019-01-15,13831,10313,63195,1504083.3,1181548.42,108.74725616369027
2019-01-16,15512,12091,66027,1724908.79,1349961.65,111.19834902011347
2019-01-17,14437,11002,52900,2280332.07,1816414.62,157.95054859042736
2019-01-18,12024,8525,58167,1474326.17,1227149.16,122.61528359946773
2019-01-19,14677,11769,67428,1754206.62,1335367.18,119.52078898957554
2019-01-20,15110,11469,60771,3160071.59,2517012.51,209.13776240900066
2019-01-21,15061,11446,64174,2299476.91,1856585.16,152.67757187437755
2019-01-22,12987,9617,49093,2108562.98,1708188.75,162.35951181951182
2019-01-23,14097,10037,57611,1826741.5,1369479.14,129.5837057529971
2019-01-24,13164,9414,42251,2523490.79,2014906.08,191.69635293223945
2019-01-25,12789,9244,55846,2014411.34,1674040.36,157.5112471655329
2019-01-26,13361,10817,55817,2940618.52,2385985.7,220.0897028665519
2019-01-27,12775,10329,44948,4391507.1,3459322.38,343.7578943248532
2019-01-28,15400,11899,70499,4748349.69,3779471.66,308.3343954545455
2019-01-29,14448,11220,68530,4822586.51,3839462.75,333.7892102713178
2019-01-30,14923,12073,63324,3962494.16,3161585.88,265.5293278831334
2019-01-31,14374,10316,64100,3557233.24,2914824.87,247.47691943787396
2019-02-01,21456,16332,74218,2922884.32,2311260.65,136.22689783743473
2019-02-02,26402,20797,84827,1988116.58,1648391.91,75.30174153473222
2019-02-03,21455,15621,73729,2075616.33,1663159.13,96.74277930552319
2019-02-04,21022,14913,102651,1690969.52,1412906.86,80.43808962039768
2019-02-05,21983,15429,118103,1648913.11,1341931.74,75.00855706682437
2019-02-06,17637,13730,89322,2019237.55,1620812.0,114.4887197369167
2019-02-07,20404,16004,102948,1807804.86,1498934.77,88.6005126445795
2019-02-08,18850,15216,78104,1887002.96,1514639.32,100.10625782493368
2019-02-09,21447,17104,87018,2204244.85,1794590.32,102.77637198675806
2019-02-10,22210,15951,97571,2992194.41,2405467.55,134.72284601530842
2019-02-11,19672,14175,70067,3050258.51,2505704.13,155.0558412972753
2019-02-12,21591,17277,81267,2270445.76,1865294.51,105.1570450650734
2019-02-13,22905,16771,80895,2305149.57,1875958.77,100.63957956777995
2019-02-14,20533,15357,68715,2959207.82,2441504.63,144.11960356499293
2019-02-15,26260,19148,97929,2813189.48,2241015.21,107.12831226199543
2019-02-16,18875,14265,67908,2890421.0,2337140.26,153.13488741721855
2019-02-17,20194,15177,107514,3658575.54,2895275.54,181.17141428146974
2019-02-18,21547,16824,87633,4680433.34,3760557.76,217.21972153896132
2019-02-19,21342,16787,100305,1783513.49,1498699.8,83.56824524411958
2019-02-20,20880,16896,110379,3142305.74,2556936.4,150.49356992337167
2019-02-21,21342,16968,99918,3225995.91,2685076.1,151.15715068878268
2019-02-22,22545,16491,102964,2981029.98,2400898.37,132.22576979374585
2019-02-23,21323,16835,101099,3243671.03,2744035.42,152.12076302584063
2019-02-24,19867,16186,90727,4659488.7,3774721.6,234.53408667639806
2019-02-25,25657,20787,98848,6710330.49,5461991.46,261.53994972132364
2019-02-26,20019,14720,95647,5143906.53,4181682.12,256.95122283830364
2019-02-27,24095,17580,87711,4911504.39,3881267.76,203.83915293629383
2019-02-28,19085,15002,93981,3391644.13,2722597.05,177.71255593397956
2019-03-01,29754,24115,108657,2228532.66,1861831.11,74.8985904416213
2019-03-02,29578,23227,102551,662215.74,563992.66,22.388793698018798
2019-03-03,29633,23779,153733,925441.51,757846.4,31.230098538791214
2019-03-04,32652,23117,116494,1915592.53,1559541.64,58.66692790640696
2019-03-05,30840,24990,162661,2386338.6,1912200.04,77.37803501945525
2019-03-06,32515,26584,134079,3341337.75,2745260.51,102.76296324773182
2019-03-07,27794,20646,127956,2432557.33,1818192.91,87.52095164423977
2019-03-08,29339,23224,159152,2666858.91,2181539.6,90.89808480179965
2019-03-09,30100,22854,150323,3019892.33,2454977.33,100.3286488372093
2019-03-10,26432,19667,92021,2681616.97,2134676.6,101.45342652845036
2019-03-11,29213,21897,131049,2420084.85,1983304.37,82.84273611063568
2019-03-12,29197,22060,129430,3925730.26,3314125.8,134.4566311607357
2019-03-13,27971,19772,93737,5148543.25,4034220.49,184.0671856565729
2019-03-14,30018,23278,124240,4367141.68,3458729.41,145.4840988740089
2019-03-15,30390,22699,156640,3296671.21,2596766.78,108.47881572885818
2019-03-16,29509,22694,122642,2593942.24,2020686.01,87.90342742892
2019-03-17,30650,21468,106652,3647905.41,2976722.37,119.01812104404569
2019-03-18,28762,21021,140215,4462652.85,3659897.03,155.15794624852234
2019-03-19,29335,21958,149400,4580736.76,3861332.4,156.15260814726435
2019-03-20,27405,20656,138092,5766530.12,4960357.22,210.41890603904397
2019-03-21,29272,23169,143683,4408617.11,3962414.33,150.60867415960647
2019-03-22,27607,20415,98682,3610928.89,3304221.4,130.79758358387366
2019-03-23,31744,22838,143568,3582976.25,3279702.06,112.87097561743951
2019-03-24,28415,23292,140934,4240123.5,3766823.0,149.2213091676931
2019-03-25,30897,22658,150146,4446564.37,4012232.01,143.91573194808558
2019-03-26,31738,25563,104496,5345042.2,4766707.57,168.4114373936606
2019-03-27,29291,22963,143666,6535411.89,5978075.49,223.12013553651292
2019-03-28,27780,22281,106871,5315964.12,4667097.61,191.35939956803455
2019-03-29,32668,24576,161268,4309156.23,3848197.98,131.90756183421087
2019-03-30,25372,18591,115629,9442671.99,8583254.53,372.16900480845027
2019-03-31,29648,21628,136636,7501232.88,6774268.33,253.00974365893146
2019-04-01,44576,34666,212249,7842271.08,7122821.67,175.93034547738694
2019-04-02,38298,28561,174559,6799630.38,6231069.37,177.54531254895818
2019-04-03,37654,27054,206297,6787287.3,6224164.42,180.25408455940936
2019-04-04,40892,31638,200895,2048272.63,1722283.77,50.0898129218429
2019-04-05,35912,27354,180193,1919484.59,1795248.81,53.44967114056583
2019-04-06,37338,29048,187574,2259659.48,2043470.72,60.51902833574375
2019-04-07,36099,28975,138367,2241076.34,2042622.76,62.081396714590426
2019-04-08,46874,35394,212734,3104721.28,2774939.49,66.23546699662926
2019-04-09,41659,29802,224000,3989319.25,3630481.23,95.76128207590196
2019-04-10,43127,35165,161086,3426420.13,3160123.01,79.44953578964454
2019-04-11,38911,29838,167168,3579994.96,3276911.01,92.00470201228444
2019-04-12,40148,28212,213820,3059845.93,2753429.2,76.21415587326891
2019-04-13,44228,31397,187646,3248777.0,3006192.84,73.4552093696301
2019-04-14,40040,32744,184887,4002434.76,3635296.53,99.96090809190808
2019-04-15,44505,33791,196936,3468600.1,3009772.87,77.93731266149871
2019-04-16,41567,33382,161203,5005921.07,4277532.29,120.43017465778142
2019-04-17,43808,31816,223025,4866105.58,3844447.57,111.0780126917458
2019-04-18,42723,34260,201707,3458407.78,2689432.07,80.94955363621467
2019-04-19,38066,27093,156489,3282803.64,2507866.68,86.23978458466874
2019-04-20,46440,36613,170991,3583833.11,2817340.98,77.17125559862187
2019-04-21,38052,27648,145134,4280648.65,3400564.11,112.49470855671188
2019-04-22,41414,31022,171318,5111723.35,4071500.83,123.42983894335248
2019-04-23,40730,29395,153580,6076381.37,4899064.86,149.18687380309353
2019-04-24,43102,30805,204218,6020945.99,4856675.57,139.69064057352327
2019-04-25,38511,27906,132039,4244369.27,3305396.09,110.21186855703564
2019-04-26,42329,30400,142532,3983588.88,3067018.69,94.11015804767416
2019-04-27,38950,30294,186718,4765470.57,3742260.25,122.34841001283698
2019-04-28,40314,31509,150802,5579108.13,4391470.92,138.39133129930048
2019-04-29,38891,28675,130645,9634257.78,7639657.66,247.72460929263838
2019-04-30,37656,29583,124370,8059929.99,6487250.52,214.04105560866796
2019-05-01,38270,31120,163918,8442603.96,6897673.92,220.60632244578
2019-05-02,40890,32732,174072,7808399.68,6038961.99,190.961107361213
2019-05-03,33869,24127,159855,4022286.5,3234443.01,118.76011987363076
2019-05-04,40801,32941,153355,2045383.76,1603260.81,50.13072620769099
2019-05-05,43470,31878,145614,2460393.45,1889099.54,56.599803312629405
2019-05-06,38954,29248,128267,3089088.99,2546015.45,79.30094444729681
2019-05-07,38311,27298,156221,3216799.62,2460959.9,83.96543081621466
2019-05-08,36951,26620,161456,3179618.97,2549583.11,86.04960542339856
2019-05-09,31426,25738,101030,3478743.01,2820877.92,110.69633456373703
2019-05-10,35218,28849,175528,3379956.2,2669556.82,95.97240615594299
2019-05-11,42448,32625,208628,3223254.17,2537597.46,75.93418229362985
2019-05-12,33210,25645,133895,3692378.28,2866716.95,111.18272448057813
2019-05-13,35644,29007,191085,4792349.11,3788342.27,134.4503734148805
2019-05-14,35531,27439,133228,4862166.63,3833993.27,136.84294362669218
2019-05-15,39361,30634,144469,5013097.75,3959824.14,127.36205253931557
2019-05-16,34486,27697,187184,4763396.54,3739102.59,138.12551586150903
2019-05-17,37582,29636,185076,4890006.38,3947766.75,130.11565057740407
2019-05-18,42600,31147,183594,4212074.41,3390993.32,98.87498615023475
2019-05-19,36971,27994,139333,3110577.15,2404869.12,84.13559681912851
2019-05-20,33598,24840,175466,4833855.83,3883813.76,143.873320733377
2019-05-21,40671,32416,170943,4376980.41,3545197.6,107.61919820019179
2019-05-22,38160,28709,122146,5873623.7,4676076.56,153.9209564989518
2019-05-23,37448,29299,136767,5059289.39,4065945.82,135.10172479171118
2019-05-24,39257,29905,132206,4257574.66,3427856.53,108.45389764882697
2019-05-25,42312,31516,205258,2703860.17,2041659.91,63.902915721308375
2019-05-26,37448,29153,134959,3290638.14,2614660.18,87.87219985045931
2019-05-27,34961,24499,177796,3692587.25,3103910.35,105.62018391922427
2019-05-28,37280,27314,163509,4649913.83,3737938.55,124.72944822961374
2019-05-29,34893,24699,113956,6694197.08,5100391.64,191.84928438368726
2019-05-30,35571,27779,145299,10560540.55,8440357.87,296.88624300694386
2019-05-31,36407,28343,128081,8767512.49,6975728.64,240.81941632103718
2019-06-01,35963,25401,152872,8443797.15,6772402.64,234.79123404610294
2019-06-02,36512,28207,156568,7455195.67,6102711.18,204.18480691279578
2019-06-03,41523,30131,182954,6200836.36,4928192.22,149.33497964983263
2019-06-04,40229,32190,185194,3657388.71,2889750.29,90.91423376171419
2019-06-05,46601,35608,188669,3116184.22,2354873.53,66.86947104139396
2019-06-06,41559,29193,188443,3413543.4,2707745.48,82.13728434274164
2019-06-07,37857,27285,143379,2810118.57,2267280.87,74.22982724463111
2019-06-08,38349,27319,172622,3253725.42,2576270.0,84.84511773449113
2019-06-09,36665,26939,146871,4254903.93,3456557.9,116.04810936860765
2019-06-10,38109,30915,139539,4783133.64,3750235.77,125.51191687003069
2019-06-11,38309,29446,138808,4164146.71,3288307.35,108.69891435432928
2019-06-12,39967,28872,162871,4780123.09,3862755.17,119.60174869267145
2019-06-13,40245,31843,155119,3141446.63,2434324.12,78.05806013169338
2019-06-14,44684,32193,214740,3321275.31,2699480.09,74.32806619819175
2019-06-15,43528,34973,164124,4401658.94,3526274.43,101.12247151258961
2019-06-16,38327,30471,137920,3952891.26,3206561.32,103.13594228611683
2019-06-17,41752,33966,199738,4164327.54,3246799.45,99.73959427093313
2019-06-18,35478,25009,127409,5036738.58,4114695.79,141.96794013191274
2019-06-19,35784,26499,126141,5640058.49,4485935.07,157.6139752403309
2019-06-20,40522,30027,211063,4189605.48,3314789.57,103.39088593850254
2019-06-21,40287,30805,164957,3812450.83,3058079.55,94.63228411149998
2019-06-22,41557,33705,158285,4550924.39,3531072.86,109.51041677695694
2019-06-23,40377,29710,160716,3568419.01,3068943.59,88.37751715085321
2019-06-24,42129,32514,163901,3996277.5,3433419.57,94.85811436302784
2019-06-25,37671,27919,129819,5688790.13,5142260.13,151.01245334607523
2019-06-26,38408,28743,163129,5662278.62,5280030.26,147.4244589668819
2019-06-27,39168,27618,169449,3630711.11,3603596.44,92.69585146037582
2019-06-28,38207,28841,177868,4670111.28,4617792.03,122.23182348784255
2019-06-29,36838,26350,181925,7024746.69,6925205.4,190.69294451381725
2019-06-30,33931,27510,166764,4945041.75,4627222.46,145.7381671627715
2019-07-01,30649,22435,108659,4925285.45,4871863.28,160.69971124669647
2019-07-02,31146,23463,121588,4873332.05,4786134.47,156.4673489372632
2019-07-03,30229,24504,151719,4886424.07,4756249.61,161.64689768103477
2019-07-04,33700,24759,149794,1489388.03,1415805.18,44.19549050445104
2019-07-05,28053,20725,142813,1841931.9,1789551.81,65.65899903753609
2019-07-06,30267,24108,98786,1673667.75,1672504.8,55.296783625730995
2019-07-07,26042,18496,95916,2108446.49,2118852.35,80.96330888564627
2019-07-08,28853,21400,123844,2671803.54,2584413.1,92.60054552386234
2019-07-09,32447,26102,174380,2568480.24,2386535.86,79.15925170277684
2019-07-10,34463,25057,159621,2970737.48,2920183.57,86.20077996692105
2019-07-11,36925,28683,119806,3613434.66,3602172.41,97.85875856465809
2019-07-12,31992,23290,134627,2385921.03,2226726.44,74.57867685671417
2019-07-13,31461,23123,109485,2098969.4,1932133.96,66.71655065001111
2019-07-14,30689,23107,126201,2644124.5,2456787.05,86.1587050734791
2019-07-15,33584,24679,123317,2978181.99,2929468.55,88.67859665316819
2019-07-16,32949,25163,106127,3187013.74,3153087.05,96.72565904883305
2019-07-17,27662,22207,118197,3959202.82,3896487.16,143.1278584339527
2019-07-18,33180,24421,175720,3615222.41,3550288.82,108.95787854128994
2019-07-19,33359,24768,162683,2386618.42,2254762.11,71.54346413261788
2019-07-20,31303,25386,126631,3483966.92,3119293.47,111.2981797271827
2019-07-21,27249,20931,129731,2833440.98,2457034.76,103.98330140555616
2019-07-22,35006,27980,166673,3439033.06,2731287.61,98.24124607210193
2019-07-23,30275,23514,121949,3417186.56,2643724.49,112.87156267547482
2019-07-24,34123,25043,132316,4684554.37,3722991.01,137.28436450487942
2019-07-25,25491,18121,120516,4181297.47,3389253.8,164.0303428661096
2019-07-26,28454,23032,106488,2974387.4,2282672.9,104.53319041259577
2019-07-27,25171,20184,93475,2400455.83,1937294.99,95.36593023717771
2019-07-28,29673,22489,125620,3130479.33,2444819.96,105.49925285613185
2019-07-29,29279,21774,139901,3105749.62,2493332.47,106.07430649953892
2019-07-30,34258,24978,140557,3330499.22,3199104.79,97.21814525074436
2019-07-31,32965,24945,136757,5525632.29,6089074.09,167.62118276960413
2019-08-01,37760,28566,205970,4455488.15,5321254.35,117.99491922669492
2019-08-02,36313,26157,152843,3938923.04,4562144.93,108.47143006636742
2019-08-03,37071,26418,194543,2470651.33,3392027.67,66.64647109600496
2019-08-04,29902,22329,136233,2494912.22,3600849.09,83.43629924419771
2019-08-05,44223,32371,155964,1043419.2,1459268.06,23.594491554168645
2019-08-06,33817,26222,161936,1858125.18,2640605.83,54.94648194694976
2019-08-07,34145,25373,182511,2612652.22,3641188.5,76.51639244398888
2019-08-08,37036,29698,127464,2075506.82,2794288.53,56.04025326709148
2019-08-09,32288,26460,173586,1373112.09,1937571.87,42.52700972497522
2019-08-10,34327,26840,138077,1564845.37,2196994.14,45.586429632650685
2019-08-11,36705,26339,188312,2346475.31,3292514.02,63.92794741860782
2019-08-12,34577,26641,160627,1668045.94,2290560.15,48.241488272551116
2019-08-13,31269,23166,141471,1490813.69,2171947.13,47.67705043333653
2019-08-14,30200,23338,143432,3101196.53,4169515.66,102.68862682119205
2019-08-15,30521,22191,121686,2478038.89,3512738.3,81.19127453228924
2019-08-16,37711,26507,123132,1829640.99,2493094.05,48.51743496592506
2019-08-17,33680,27542,183308,2003878.36,2733913.19,59.49757600950119
2019-08-18,32176,23289,152259,1947390.84,2839386.72,60.52308677274988
2019-08-19,31023,23243,119218,2333967.14,3290384.64,75.2334442188054
2019-08-20,38795,29098,167871,2278154.51,3059344.57,58.72288980538729
2019-08-21,32523,24417,117226,2902500.19,3975109.52,89.2445404790456
2019-08-22,32699,25763,139482,3279690.88,4303594.26,100.2994244472308
2019-08-23,34981,26845,172585,1923531.37,2481146.96,54.987889711557706
2019-08-24,31736,23983,163423,1741999.11,2380723.06,54.89031730526847
2019-08-25,32083,23744,103964,2343821.96,2973037.78,73.05494997350621
2019-08-26,33250,25753,150733,1566162.85,2092259.75,47.10264210526316
2019-08-27,32833,26446,117571,2452198.24,3395896.49,74.68699905582798
2019-08-28,31563,25463,159479,5201709.9,7205663.14,164.8040395399677
2019-08-29,35811,26356,156979,4504012.62,6055206.11,125.77176342464607
2019-08-30,35419,28771,178660,5157053.02,6765323.43,145.6013162426946
2019-08-31,32891,23627,144581,5057671.9,6368386.98,153.770694110851
2019-09-01,26185,18902,87206,4505538.06,5575548.49,172.06561237349626
2019-09-02,29060,21406,104211,1524133.27,1524323.94,52.44780695113558
2019-09-03,25072,17728,119670,1594821.11,1372800.55,63.60964861199745
2019-09-04,25524,18515,100727,870213.71,795474.98,34.09393942955649
2019-09-05,23170,16840,117129,1849227.68,1737296.3,79.81129391454466
2019-09-06,26547,20170,89760,2055566.63,1816545.14,77.43122123027084
2019-09-07,23733,16764,98671,2056135.02,1821442.12,86.63611932751864
2019-09-08,23398,17237,92683,2799308.76,2590587.34,119.6388050260706
2019-09-09,24789,19384,116234,3586421.12,3025750.34,144.6779264996571
2019-09-10,22230,17279,115152,2327550.31,2102928.06,104.70311785874944
2019-09-11,21840,17146,95983,2579418.47,2224939.94,118.10524130036632
2019-09-12,22702,16686,104922,2239528.24,2055638.17,98.64894018148182
2019-09-13,23488,17017,100424,2602979.12,2360984.02,110.82165871934605
2019-09-14,26005,18611,114445,2471379.44,2104170.27,95.0347794654874
2019-09-15,25814,19980,100825,2704686.82,2355376.75,104.77596730456341
2019-09-16,20819,16137,98569,3377677.52,3056070.46,162.24014217781834
2019-09-17,24520,18925,93825,2208634.91,1901278.99,90.07483319738989
2019-09-18,24614,18392,108688,2218355.01,1872520.36,90.12574185422929
2019-09-19,24003,18510,124057,2750834.47,2383301.79,114.60377744448611
2019-09-20,24393,19784,99499,1849923.37,1616131.82,75.8382884434059
2019-09-21,26707,19063,124922,3723308.64,3312576.87,139.41321151757967
2019-09-22,25255,19571,98526,3164897.45,2715456.74,125.31765788952683
2019-09-23,23138,16246,115705,3099449.09,2787237.94,133.95492652778978
2019-09-24,24793,18883,113116,2947408.34,2515101.0,118.88066551042633
2019-09-25,24933,18860,97407,2898334.29,2483117.25,116.24490795331488
2019-09-26,24782,20223,113023,2908501.91,2610054.46,117.3634859979017
2019-09-27,24131,18595,129342,3950186.78,3564014.93,163.69759976793335
2019-09-28,23264,18976,118938,3814692.18,3453282.93,163.97404487620358
2019-09-29,22213,16984,98269,4292493.62,3763429.08,193.2424084995273
2019-09-30,24111,17588,128187,4319120.35,3566624.12,179.13484923893657
2019-10-01,20710,16324,82106,3461580.0,2846842.32,167.14534041525832
2019-10-02,17131,13716,78304,1385364.76,1073130.28,80.86887864106006
2019-10-03,20821,17046,86216,1326788.68,1033086.86,63.72358099995197
2019-10-04,20576,16713,81640,1866207.62,1478185.6,90.69827080093313
2019-10-05,18690,13716,68234,1911023.55,1500730.35,102.24845104333869
2019-10-06,16470,12583,57553,2387439.44,1819262.68,144.95685731633273
2019-10-07,21559,15495,70372,1999285.69,1511800.84,92.73554849482814
2019-10-08,18757,13854,77286,1470915.7,1203719.05,78.41956069733966
2019-10-09,21553,16339,77208,1397689.65,1162543.67,64.84896070152647
2019-10-10,18506,14673,94049,1458507.56,1177103.47,78.81268561547607
2019-10-11,20156,14880,88486,2040409.76,1602691.87,101.23088708076999
2019-10-12,18926,14454,76157,1557560.26,1243446.67,82.29738243685935
2019-10-13,18905,14766,75139,2002257.12,1582043.04,105.9115112404126
2019-10-14,19857,15369,108752,1775994.7,1462978.37,89.43922546205368
2019-10-15,20545,15329,80622,2018887.59,1548517.17,98.26661426137747
2019-10-16,22893,16393,74138,1464108.41,1141541.16,63.95441444983182
2019-10-17,21970,16687,119810,1372058.65,1046890.17,62.45146335912607
2019-10-18,19452,14179,93419,1653633.26,1278811.6,85.01096339707999
2019-10-19,21807,16138,82880,2811323.63,2269521.38,128.91840372357498
2019-10-20,19580,14473,80338,2844841.01,2392660.05,145.29320786516854
2019-10-21,21522,15193,110079,2711153.32,2148763.37,125.97125360096645
2019-10-22,20491,16450,107786,2214683.33,1838977.01,108.08078327070422
2019-10-23,21124,15901,77921,1759141.45,1358481.77,83.27691014959288
2019-10-24,20281,16545,105059,2022900.04,1666320.71,99.74360435875943
2019-10-25,18601,13821,86414,3187144.16,2421364.94,171.34262459007581
2019-10-26,19825,15837,101548,2566324.34,2091249.47,129.4488948297604
2019-10-27,19575,13980,72485,2753908.73,2215124.51,140.68499259259258
2019-10-28,20661,15063,76738,4549329.18,3685783.91,220.1892057499637
2019-10-29,21438,15871,83688,4173624.95,3482498.58,194.68350359175298
2019-10-30,22429,17198,103431,4011152.34,3303293.41,178.8377698515315
2019-10-31,20678,15942,89297,3902622.14,3200919.46,188.73305638843215
2019-11-01,16216,12680,70987,2457372.77,1859550.39,151.54000801677356
2019-11-02,15412,12610,61693,1251673.78,1011108.33,81.21423436283416
2019-11-03,16872,12686,57144,1429798.26,1038587.83,84.74385135135135
2019-11-04,16316,12784,53263,1262571.36,995581.04,77.38240745280707
2019-11-05,18603,13193,87384,1612667.27,1321321.71,86.68855937214428
2019-11-06,16846,12017,54649,1293265.9,977612.75,76.76990977086548
2019-11-07,17897,13725,62005,1946539.7,1520179.67,108.76346315024864
2019-11-08,15016,11357,81893,1109713.24,903061.67,73.90205380927011
2019-11-09,17759,13193,58639,2311380.72,1875909.56,130.15263922518162
2019-11-10,16198,11722,76482,3011648.48,2352435.67,185.92718113347325
2019-11-11,15632,11764,78188,2092297.23,1711092.76,133.84705923746162
2019-11-12,17758,12899,85445,2105090.82,1720904.41,118.54323797724967
2019-11-13,16622,12057,76134,2427345.64,1997625.77,146.03210443989894
2019-11-14,18465,13954,82870,2269908.4,1766713.41,122.9303222312483
2019-11-15,16484,11680,66649,2141001.63,1662947.41,129.88362230041253
2019-11-16,14701,10502,69673,1941582.58,1536690.27,132.07146316577104
2019-11-17,17634,14336,90795,2590750.35,2104287.3,146.9179057502552
2019-11-18,17442,13837,71670,2099691.1,1835944.86,120.38132668271987
2019-11-19,14815,11638,74691,1303736.25,1077699.56,88.00109686128923
2019-11-20,18980,13952,102357,1211508.93,1056017.89,63.83081822971549
2019-11-21,15257,12502,55603,1758120.57,1675422.59,115.23370059644753
2019-11-22,17609,12533,74838,1717259.82,1683212.87,97.52171162473735
2019-11-23,14811,11576,65070,1275541.97,1314745.82,86.12125919924381
2019-11-24,17751,13674,69044,1513582.11,1601636.32,85.26742775054927
2019-11-25,17758,14100,57719,1823713.36,1796200.75,102.69812816758645
2019-11-26,16661,12533,78488,1658805.72,1632988.64,99.56219434607766
2019-11-27,17350,13306,74658,1673862.79,1730384.96,96.47624149855908
2019-11-28,17918,13179,94176,2283224.58,2385990.97,127.42630762361871
2019-11-29,17362,12161,57698,1727675.92,1763358.52,99.50903812924778
2019-11-30,15642,11420,64710,1706944.78,1590980.52,109.1257371180156
2019-12-01,19995,16006,99403,1570052.1,1541270.84,78.52223555888973
2019-12-02,17602,13704,91031,939051.09,913949.28,53.34911316895807
2019-12-03,19623,15744,98361,1049432.49,1050128.15,53.479717168628646
2019-12-04,15760,12799,83900,808148.29,776278.66,51.27844479695432
2019-12-05,17788,13672,91763,584316.21,549261.88,32.848898695749945
2019-12-06,17654,13969,66287,1028672.61,965955.9,58.268528945281524
2019-12-07,19994,14532,85994,1004670.88,991134.01,50.24861858557567
2019-12-08,17943,13548,58328,992442.58,1015934.13,55.310849913615336
2019-12-09,18695,13953,93438,1419175.87,1414450.62,75.91205509494517
2019-12-10,21835,15963,75243,902926.09,843652.61,41.35223677581864
2019-12-11,17449,14297,63628,1013400.28,984737.87,58.077842856324146
2019-12-12,16323,13286,67289,928048.97,925066.67,56.85529436990749
2019-12-13,18670,13126,92613,1377941.74,1350365.69,73.80512801285485
2019-12-14,18848,13682,82793,1133983.1,1100467.71,60.16463815789474
2019-12-15,19212,14987,93259,1178357.1,1177403.13,61.33443160524673
2019-12-16,20895,15311,91106,2441615.29,2435335.9,116.85165302703996
2019-12-17,18457,14943,93219,1509802.09,1466889.03,81.80105596792545
2019-12-18,17942,12982,91808,1081751.46,1118946.01,60.291576189945374
2019-12-19,19761,14933,97788,1755344.65,1729566.17,88.82873589393249
2019-12-20,18225,14257,97011,1591897.49,1519651.21,87.34691303155007
2019-12-21,19198,13494,68642,1604411.0,1557139.8,83.57177831024065
2019-12-22,19601,15485,107238,1998393.15,2053342.91,101.95363246773124
2019-12-23,20796,16515,81832,1553261.7,1489890.38,74.69040680900173
2019-12-24,20496,15631,78628,1516895.67,1497007.31,74.00935158079625
2019-12-25,18623,13537,68299,1299670.93,1288364.93,69.78848359555388
2019-12-26,18490,13914,68585,962186.25,831064.78,52.0381963223364
2019-12-27,17267,14116,56100,2014300.3,2077708.75,116.65606648520298
2019-12-28,20807,16864,71257,3502828.06,3565984.26,168.3485394338444
2019-12-29,18470,13891,87451,3313547.73,3269447.73,179.4016096372496
2019-12-30,19587,15615,77129,3576704.95,3493583.35,182.6060626946444
2019-12-31,17631,12430,69915,2778326.07,2777906.18,157.58187680789518
2020-01-01,14183,10830,59821,1871817.88,1823332.03,131.9761601917789
2020-01-02,16808,13069,56038,306693.87,273455.38,18.246898500713947
2020-01-03,14810,10936,74913,766406.86,609099.87,51.74928156650911
2020-01-04,16059,12341,62293,888245.03,704147.35,55.31135375801731
2020-01-05,15361,10835,53135,1285208.07,1020467.61,83.66695332335135
2020-01-06,14973,10599,80579,970782.47,779316.08,64.83553529686769
2020-01-07,16117,11670,54952,764267.46,602605.56,47.419957808525155
2020-01-08,15280,11720,61929,1107287.26,894624.14,72.46644371727749
2020-01-09,16062,12523,52322,1056334.6,871321.63,65.76606898269208
2020-01-10,16265,12991,82186,1052535.45,809623.15,64.71167845066093
2020-01-11,14483,10776,65105,1482481.4,1217653.88,102.36010495063177
2020-01-12,14569,10490,63747,1377373.92,1076992.76,94.54141807948383
2020-01-13,15740,11719,60162,1823598.04,1448101.5,115.85756289707751
2020-01-14,15663,12749,79142,1243925.22,978766.56,79.41806933537636
2020-01-15,18706,15192,99480,1380005.06,1018100.72,73.77339142521116
2020-01-16,15738,12305,85999,1030944.9,795470.95,65.50672893633245
2020-01-17,15987,11481,62173,1830660.94,1431085.31,114.50934759492087
2020-01-18,15401,11821,49765,1766837.19,1324243.87,114.72223816635282
2020-01-19,16878,13764,60169,1524971.65,1235381.65,90.35262768100485
2020-01-20,13852,11183,58603,1754063.39,1357099.14,126.62889041293676
2020-01-21,17442,13197,56199,1339757.99,1058996.46,76.81217692925124
2020-01-22,16279,12193,73513,1519425.6,1259362.61,93.33654401376006
2020-01-23,13978,10732,60429,1004242.27,765471.69,71.84448919731005
2020-01-24,13647,11168,70273,1704378.2,1375285.81,124.89032021689748
2020-01-25,12842,9859,55792,1822074.98,1406914.83,141.88405077090795
2020-01-26,16293,12595,71297,2456410.62,1973809.59,150.76478364942
2020-01-27,15354,12334,70501,3063079.4,2398030.81,199.49716034909468
2020-01-28,15279,12244,72585,2756106.46,2116903.62,180.38526474245697
2020-01-29,15896,12685,64117,2649423.01,2056424.25,166.6723081278309
2020-01-30,15257,12504,53575,2487204.75,2078176.85,163.0205643311267
2020-01-31,16198,13199,53495,1641713.06,1229647.19,101.35282504012841
2020-02-01,22962,16893,99895,1463943.76,1142123.1,63.75506314780942
2020-02-02,20865,14896,68465,1093114.88,845764.23,52.38988161993769
2020-02-03,23887,18397,121862,1316072.4,1043180.49,55.09575919956461
2020-02-04,24648,18028,94634,1029616.88,806175.81,41.772836741317754
2020-02-05,22633,17914,73734,1584431.42,1282491.8,70.00536473291211
2020-02-06,20899,16979,103321,1426441.72,1176781.21,68.25406574477248
2020-02-07,22577,16793,76631,1459386.86,1149577.39,64.64042432564115
2020-02-08,19524,15196,101952,2184212.09,1826022.53,111.87318633476745
2020-02-09,23566,16662,79695,2055783.58,1523755.95,87.23515148943393
2020-02-10,23762,16895,88113,2291998.17,1847054.74,96.45645021462839
2020-02-11,21057,15893,70561,1213349.37,971610.69,57.62213848126514
2020-02-12,22053,17470,91247,1321005.73,1096334.73,59.90140706479844
2020-02-13,23540,16928,95846,1581431.75,1352362.12,67.18061809685642
2020-02-14,19576,14700,71906,2037539.68,1651978.34,104.08355537392725
2020-02-15,23915,18996,123972,2021731.66,1579252.08,84.53822538155968
2020-02-16,23340,16388,118409,2850540.94,2254151.72,122.13114567266496
2020-02-17,19557,13818,95153,3027388.85,2358428.94,154.79822314260878
2020-02-18,23688,19373,121108,1906269.53,1488503.07,80.47405986153326
2020-02-19,21506,15170,105681,2587869.93,2040282.29,120.332462103599
2020-02-20,22647,16715,120782,2179252.94,1655887.69,96.22700313507308
2020-02-21,21432,16694,88624,1875282.27,1484938.15,87.49917273236282
2020-02-22,24980,18996,110375,2816611.42,2298912.93,112.75466052842273
2020-02-23,21963,16277,115618,3660447.62,2943311.48,166.66428174657378
2020-02-24,24177,18165,91019,4913668.98,3894010.08,203.23733217520785
2020-02-25,20953,16499,105764,3883383.17,3094926.07,185.3378117691977
2020-02-26,22835,18087,77810,3776016.2,3155920.72,165.36090212393256
2020-02-27,21063,16238,67946,2799802.2,2267130.6,132.92513886910697
2020-02-28,20116,15109,93423,1651589.28,1198881.14,82.10326506263671
2020-02-29,20524,15914,100329,440505.08,389641.44,21.462925355681154
2020-03-01,36014,29488,146247,574193.42,436323.03,15.943616926750709
2020-03-02,30765,24633,99703,723891.53,597321.16,23.52971006013327
2020-03-03,34111,24045,136681,943222.71,762767.07,27.651570167981003
2020-03-04,30135,23498,131222,1909614.63,1505586.81,63.36866202090592
2020-03-05,31540,24232,142833,2333220.72,1843371.65,73.97656055802156
2020-03-06,30909,23375,129691,1511362.89,1171921.71,48.897178491701446
2020-03-07,29059,20692,159126,1871812.61,1532326.46,64.41421280842424
2020-03-08,35044,24718,166817,2407053.63,1849597.49,68.686611973519
2020-03-09,29433,22867,103715,2614688.4,2090705.98,88.83526653755987
2020-03-10,27971,20293,135928,2160515.74,1668007.68,77.24127632190483
2020-03-11,35255,24851,118816,3433278.78,2692451.6,97.38416621755779
2020-03-12,35504,25961,146780,4588363.52,3791750.44,129.2351149166291
2020-03-13,29460,21021,136446,3021810.51,2369481.88,102.57333706720976
2020-03-14,35810,29278,172678,2973651.06,2401421.48,83.03968332867915
2020-03-15,33227,25808,175710,3221293.98,2639677.91,96.94808378728143
2020-03-16,30813,23661,127284,3825962.41,3158330.02,124.16715055333788
2020-03-17,27849,19600,141749,3337087.52,2593918.94,119.82791195375059
2020-03-18,36760,29877,197335,4361415.01,3636509.4,118.64567491838955
2020-03-19,28411,21646,120110,4192556.63,3408251.62,147.56807680123896
2020-03-20,31181,23354,159941,4714923.6,4026187.52,151.21143003752283
2020-03-21,36509,28725,155361,3786624.27,3364585.08,103.71755649291956
2020-03-22,30641,24575,107852,3660217.49,3308325.46,119.45489670702653
2020-03-23,30524,24293,144878,4599846.79,4217636.5,150.69606833966714
2020-03-24,37460,28572,181911,3777061.29,3491500.34,100.82918553123332
2020-03-25,30774,23044,99989,5473119.8,4913905.47,177.84882693182556
2020-03-26,32870,23721,177471,4976074.87,4486016.71,151.38651871006996
2020-03-27,31899,23483,172870,5292649.55,4770553.08,165.91898021881562
2020-03-28,35000,26800,161378,4107108.15,3626441.43,117.34594714285714
2020-03-29,29090,21411,93775,4853424.1,4204693.19,166.84166723960124
2020-03-30,33713,25286,117283,8661154.35,7724558.44,256.90844333046596
2020-03-31,28802,21651,93574,7897174.25,7105527.86,274.18839837511285
2020-04-01,49172,39353,197352,8755809.46,7957568.75,178.0649446839665
2020-04-02,45580,37275,190144,7577709.18,6681340.51,166.25074989030276
2020-04-03,43034,32921,186089,6784809.88,6004344.42,157.66161360784497
2020-04-04,44615,33264,158048,2596249.84,2421613.19,58.192308416451866
2020-04-05,45794,33390,205475,2270549.35,2115323.24,49.58180875223829
2020-04-06,48680,39248,247194,2174513.69,1986210.77,44.66954991783073
2020-04-07,40824,30012,205218,2970609.75,2686271.15,72.76625881834215
2020-04-08,45660,37027,183509,4245321.13,3850661.27,92.9768096802453
2020-04-09,40459,31759,204289,3887991.65,3427172.36,96.09707728811884
2020-04-10,38738,30010,136534,3023393.36,2760209.97,78.04722391450255
2020-04-11,43287,34063,143745,3732689.24,3332780.74,86.23118349619979
2020-04-12,37270,28399,139570,2907846.49,2591717.12,78.02110249530455
2020-04-13,46241,37526,154891,3947462.22,3605060.08,85.36714647174585
2020-04-14,45655,32667,202854,3808658.46,3373247.72,83.42259248713175
2020-04-15,46469,34882,219857,4628778.3,3891917.12,99.61002603886462
2020-04-16,42897,30686,223797,4375989.59,3596667.75,102.01155302235587
2020-04-17,41040,30521,161118,4558971.27,3709799.59,111.08604459064327
2020-04-18,48136,34468,216916,3884483.75,3074401.15,80.69810017450557
2020-04-19,36756,27931,187408,5420905.61,4354985.3,147.48355669822615
2020-04-20,46424,35176,187668,3709374.1,2922517.52,79.90207866620713
2020-04-21,38518,30134,142168,3772726.0,2994859.61,97.94708967236097
2020-04-22,41307,32775,200929,5657450.97,4439369.34,136.96107124700413
2020-04-23,44106,34167,170615,5173024.12,4119922.93,117.28617693737813
2020-04-24,37916,27243,145799,3753095.45,2970279.3,98.98447752927524
2020-04-25,45937,32490,245372,3664845.35,2858437.84,79.77981474628295
2020-04-26,38854,30987,129370,4605371.55,3664887.11,118.5301783600144
2020-04-27,48189,38503,216284,5455531.12,4305091.4,113.21112951088423
2020-04-28,41682,30068,227421,5014129.21,3953650.56,120.29483254162469
2020-04-29,39749,32484,210714,10020939.03,8067774.24,252.10543736949356
2020-04-30,43195,33699,226414,7581421.63,6073119.3,175.5161854381294
2020-05-01,37248,29202,154828,6232298.35,4980016.59,167.3190063896048
2020-05-02,44006,34850,232584,4883269.9,3978529.52,110.96827478071172
2020-05-03,33774,27599,156949,4614868.43,3622251.36,136.63967637827915
2020-05-04,34999,25988,162964,1696650.37,1285985.68,48.47710991742621
2020-05-05,46233,36589,201181,2127409.75,1664266.24,46.01496225639695
2020-05-06,39877,32361,201329,2719040.36,2101438.95,68.18567996589512
2020-05-07,40887,31237,206054,3735794.57,3081283.21,91.36876195367721
2020-05-08,40215,30642,151119,3885246.63,3057670.15,96.61187691160015
2020-05-09,34391,26650,180223,2045722.89,1564919.31,59.48425140298333
2020-05-10,34872,25181,142645,3584812.06,2817308.7,102.79915290204175
2020-05-11,45289,36515,227803,2782658.98,2126531.87,61.44227030846342
2020-05-12,42203,32796,149231,3333481.33,2554876.05,78.98683340046917
2020-05-13,42210,32669,194109,3150929.25,2367805.02,74.64888059701492
2020-05-14,42689,33006,174672,4015255.86,3222738.56,94.05832556396261
2020-05-15,40677,32433,199382,5094966.3,4205637.32,125.25422966295449
2020-05-16,41763,33618,147559,3808061.0,3113947.78,91.18264971386155
2020-05-17,48316,36687,169311,3532524.59,2826498.79,73.11293546651213
2020-05-18,39843,31462,175578,3000875.02,2429735.03,75.3174966744472
2020-05-19,42163,32186,169388,3027466.21,2447172.14,71.80386144249698
2020-05-20,35075,28365,157795,3689172.21,3019892.02,105.17953556664291
2020-05-21,37203,26829,195525,4498828.44,3647887.78,120.9264962503024
2020-05-22,45512,34966,170596,5108046.04,3839020.41,112.23514765336614
2020-05-23,43072,32884,203926,4015420.66,3313265.28,93.22577683878158
2020-05-24,36563,29881,164483,4700650.04,3764671.03,128.56302929190713
2020-05-25,45355,37154,224944,4378883.27,3340216.53,96.54686958438981
2020-05-26,38796,29243,125978,3938416.11,3225312.26,101.51603541602226
2020-05-27,37058,26964,160786,4400378.84,3586763.01,118.74302013060607
2020-05-28,36672,27937,151505,7125254.26,5586999.34,194.2968548211169
2020-05-29,33780,27094,176373,8058075.78,6156826.89,238.5457602131439
2020-05-30,40115,28229,185694,8571150.17,6917398.63,213.66446890190701
2020-05-31,42489,33872,155192,7068160.11,5722407.19,166.35270564146015
2020-06-01,43625,34300,175784,7434640.87,6007912.51,170.42156722063038
2020-06-02,38550,27223,207470,3295138.19,2630884.15,85.47699584954604
2020-06-03,44126,33550,167992,3497127.32,2854677.4,79.25321397815347
2020-06-04,43162,33001,179895,2962471.81,2212520.77,68.63611069922617
2020-06-05,41289,30313,212140,2452274.28,2042840.96,59.392920148223496
2020-06-06,37001,28500,129323,2258600.23,1840555.75,61.04159968649496
2020-06-07,43638,31329,148158,2693731.83,2065838.19,61.72903959851506
2020-06-08,45005,32086,171951,3084455.23,2459766.38,68.53583446283746
2020-06-09,42655,31413,156535,3331413.85,2608681.96,78.10136795217443
2020-06-10,44003,34775,223530,3810023.86,3037801.06,86.58554780355884
2020-06-11,42916,33063,167050,4027121.39,3106482.9,93.83729588032436
2020-06-12,44428,32076,201234,2833219.35,2245340.12,63.77103065634285
2020-06-13,40898,29407,172585,2840132.87,2324352.25,69.44429727615042
2020-06-14,43306,35000,211437,3797554.63,3078986.36,87.6911889807417
2020-06-15,42980,32920,138712,3921468.12,3112876.56,91.23936993950674
2020-06-16,35345,28859,181042,3620819.64,2950472.85,102.44220229169615
2020-06-17,36067,26295,197255,4864660.1,3741174.91,134.87842348961652
2020-06-18,41392,32075,180184,4188150.34,3329563.04,101.18260388480866
2020-06-19,48502,38712,166918,2960897.79,2329260.25,61.04692157024453
2020-06-20,42409,33875,208518,2189006.74,1795056.75,51.61656110731213
2020-06-21,44397,31865,205562,3477329.48,2740967.86,78.32352366150866
2020-06-22,43423,33381,183887,3068801.79,2472668.81,70.67226561960251
2020-06-23,46640,36915,203779,3277142.11,2715748.0,70.264625
2020-06-24,43528,30569,211079,4983800.13,4272479.54,114.49641908656497
2020-06-25,43580,34017,151493,4480875.32,3949301.47,102.81953464892153
2020-06-26,40569,30872,186283,3538964.96,3128909.95,87.23323128497128
2020-06-27,37310,30590,182508,2952009.99,2893474.01,79.12114687751274
2020-06-28,39395,28416,150566,4033143.22,4037949.63,102.37703312603122
2020-06-29,40040,29410,185068,5223388.62,5021085.51,130.45426123876123
2020-06-30,42180,29724,170415,5506677.04,5509880.9,130.55185016595544
2020-07-01,30595,24077,99837,4785799.65,4637675.06,156.42424088903417
2020-07-02,27460,21481,146044,4866951.38,4707883.99,177.2378506919155
2020-07-03,30149,22578,101564,3696972.88,3771036.88,122.62339978108726
2020-07-04,36231,25655,167563,706367.78,665027.87,19.49622643592504
2020-07-05,32159,23960,164511,1406074.5,1343687.36,43.72258154793371
2020-07-06,31155,21955,120153,2077312.99,1986626.45,66.67671288717702
2020-07-07,31719,22876,131244,2024009.16,2068227.77,63.81062328572779
2020-07-08,34532,27716,127995,1848400.71,1796794.0,53.527183771574194
2020-07-09,31532,23016,144420,2881762.16,2884926.26,91.39167068374985
2020-07-10,33515,26879,138606,2456330.77,2270775.74,73.29048992988214
2020-07-11,32050,26172,133615,2777782.43,2617463.18,86.6702786271451
2020-07-12,27495,20220,150199,2353469.99,2352864.85,85.59628987088563
2020-07-13,35078,28181,148375,2674159.75,2528820.54,76.23466987855636
2020-07-14,32527,23555,137331,2241406.69,2199143.63,68.9091121222369
2020-07-15,32171,25881,161809,2628917.79,2573366.47,81.71700568835287
2020-07-16,30941,22516,125983,3496916.1,3417273.9,113.01884554474645
2020-07-17,33050,25526,151997,2963494.21,2910103.21,89.66699576399395
2020-07-18,27761,21602,151543,2167217.41,2102740.45,78.06697921544614
2020-07-19,34393,26947,145541,2598183.41,2439859.2,75.54395981740471
2020-07-20,37632,29503,155007,2378509.49,2153084.64,63.20444010416667
2020-07-21,35054,27530,126216,3060145.15,2555988.41,87.29803018200491
2020-07-22,29644,22426,125613,3102912.51,2421357.03,104.67253103494804
2020-07-23,31569,25229,159907,3882974.91,3066175.92,122.99961702936426
2020-07-24,27412,21601,122794,3897982.79,3118044.81,142.19986830585145
2020-07-25,31945,23339,162927,2726776.18,2185291.86,85.35846548755674
2020-07-26,34829,25520,177075,2852671.37,2228931.73,81.90506101237474
2020-07-27,35833,27052,192786,2831486.13,2289596.5,79.01895264141992
2020-07-28,34319,24787,128819,2395619.59,1857411.18,69.80446953582563
2020-07-29,26016,18447,110402,3158908.2,2317187.54,121.42174815498156
2020-07-30,31271,24555,159400,4151632.35,3350026.58,132.76301845160052
2020-07-31,31816,23266,112511,5610491.95,4496247.74,176.34183901181797
2020-08-01,37813,28331,199410,6132541.37,4909626.33,162.18076772538546
2020-08-02,35863,28452,153799,5345584.67,4186394.94,149.05570281348466
2020-08-03,38720,29089,177199,4397713.48,3443554.44,113.57731095041323
2020-08-04,34620,26378,139818,3298352.62,2591360.98,95.27303928365107
2020-08-05,36418,26253,187350,2223462.81,1734678.05,61.05395161733209
2020-08-06,35171,25902,161966,2991469.99,2308279.85,85.05501663302152
2020-08-07,41155,32438,133104,3277756.91,2547914.06,79.64419657392784
2020-08-08,35669,27251,145029,2449651.51,2088845.7,68.67732512826264
2020-08-09,37676,26741,164147,2935305.67,2352528.07,77.9091641894044
2020-08-10,35228,25251,153470,2914723.92,2318822.04,82.7388418303622
2020-08-11,37719,27782,200458,2533038.45,2110648.66,67.15550385747237
2020-08-12,39180,28426,215466,4245177.97,3574622.62,108.3506373149566
2020-08-13,40215,29520,205003,3438121.83,2662240.38,85.49351809026483
2020-08-14,35760,26734,166236,3685522.51,2879232.79,103.06271001118567
2020-08-15,33356,26180,178584,2556409.43,2072000.19,76.6401675860415
2020-08-16,37006,29530,157212,2596444.46,2077063.06,70.16279684375506
2020-08-17,34854,28022,118396,3646382.12,2892437.08,104.61875595340564
2020-08-18,37531,28605,203174,3240488.83,2493505.46,86.34165969465242
2020-08-19,34147,27810,185856,3279887.27,2543910.75,96.05198904735408
2020-08-20,36424,26616,182461,3569013.59,2909846.44,97.98521826268394
2020-08-21,33606,25978,109747,3939388.46,3133654.06,117.22277152889365
2020-08-22,30963,23305,154853,2465099.71,2000862.66,79.61436908568291
2020-08-23,39987,31388,209083,2832425.22,2280579.88,70.83365143671693
2020-08-24,33539,26264,119660,3217603.07,2631929.43,95.93616595605116
2020-08-25,32268,26443,160031,2428315.18,1917538.84,75.25459216561299
2020-08-26,35762,25302,185700,3194953.82,2616197.98,89.33934958894916
2020-08-27,38266,28828,200768,4445347.68,3675387.97,116.16964616108294
2020-08-28,38993,30032,174686,7296538.72,5928088.7,187.1243228271741
2020-08-29,36212,26931,191116,7517051.79,6089417.86,207.58455180603116
2020-08-30,36313,27199,161767,8480394.59,6775599.46,233.5360501748685
2020-08-31,30899,23108,120249,7490849.71,6294569.34,242.4301663484255
2020-09-01,25779,19525,82568,6047477.92,5072223.86,234.58931378253618
2020-09-02,25740,20239,87892,1434923.77,1282633.72,55.74684421134421
2020-09-03,21880,16243,72566,1557705.54,1435356.63,71.19312340036564
2020-09-04,26341,18688,125151,1425115.38,1249060.77,54.10255419308302
2020-09-05,27061,21025,109833,1581867.47,1449235.72,58.45561767857803
2020-09-06,27527,21630,108802,2654105.11,2377874.42,96.41824790205979
2020-09-07,24662,17883,108662,2479133.84,2159138.36,100.52444408401588
2020-09-08,22647,18442,121854,2542645.13,2183405.0,112.27293372190577
2020-09-09,23534,16840,84994,1979410.07,1799215.01,84.1085268122716
2020-09-10,24599,17738,105977,3146008.14,2761931.92,127.89170860604091
2020-09-11,25825,19056,95585,1990335.39,1821328.74,77.07010222652468
2020-09-12,25785,19681,123384,2806228.3,2605429.08,108.83181306961411
2020-09-13,21475,15123,95840,2240095.92,1957201.32,104.3118006984866
2020-09-14,28528,21280,108347,2832905.03,2603630.98,99.30261602636006
2020-09-15,30267,22450,113275,2914536.51,2476205.19,96.29419863217365
2020-09-16,26144,19196,86584,1994638.41,1821831.75,76.29430882802937
2020-09-17,27837,19900,114571,1827659.24,1626961.14,65.65575457125409
2020-09-18,21105,15784,100383,2600220.08,2233677.06,123.20398389007345
2020-09-19,23948,17545,83188,1806587.98,1582702.76,75.43794805411726
2020-09-20,29247,22547,115136,2334885.81,2132834.58,79.83334393271105
2020-09-21,29246,22025,136066,3082015.84,2723671.97,105.38247418450386
2020-09-22,27835,20293,106244,2827707.7,2426080.5,101.58820549667685
2020-09-23,28929,21337,145147,2254030.17,2095482.45,77.91593798610391
2020-09-24,22265,17768,114577,2021614.99,1879290.21,90.79788861441725
2020-09-25,30621,24702,109054,2587034.31,2341681.4,84.48562457137258
2020-09-26,25054,18036,118576,2219447.23,2025784.18,88.5865422686996
2020-09-27,29837,23097,142121,3907778.93,3495826.9,130.9709062573315
2020-09-28,28965,22114,125634,4681424.38,4163962.01,161.62348972898326
2020-09-29,27997,19870,137528,3862957.51,3418321.41,137.97755152337749
2020-09-30,23089,16405,113390,3185317.6,2835582.57,137.95823119234268
2020-10-01,21266,16930,76549,2053948.94,1801442.13,96.58369886203329
2020-10-02,18119,14852,77416,844947.12,672777.16,46.633209338263704
2020-10-03,20645,14636,67383,1819620.17,1400911.62,88.13854056672318
2020-10-04,19416,14262,73170,1305849.84,1031248.84,67.2563782447466
2020-10-05,24911,19722,131231,1476045.28,1106750.78,59.25275099353699
2020-10-06,23347,19051,99243,2225510.95,1785750.97,95.32320854927829
2020-10-07,21132,15554,84375,2084609.48,1633404.7,98.64705091803899
2020-10-08,20037,16325,64298,1798621.9,1415449.28,89.76502969506413
2020-10-09,22199,17432,101056,1682037.65,1404182.57,75.77087481418081
2020-10-10,20615,15266,103142,2023437.43,1582185.76,98.15364685908318
2020-10-11,20115,14199,93659,1446988.51,1177371.98,71.93579468058662
2020-10-12,20896,16465,72670,1856496.7,1470316.91,88.84459705206739
2020-10-13,20981,16932,82348,3071390.97,2435896.58,146.38916019255518
2020-10-14,21476,16150,80061,2627129.58,2030216.9,122.32862637362638
2020-10-15,20834,16576,105217,1826480.99,1499468.55,87.66828213497168
2020-10-16,21601,16609,104505,2213689.11,1814772.4,102.4808624600713
2020-10-17,21266,15812,71380,2024181.52,1623856.95,95.18393303865325
2020-10-18,20371,16113,78229,2416150.55,2000897.4,118.60736095429776
2020-10-19,19438,15597,66703,1798941.77,1455468.16,92.54767825908016
2020-10-20,19028,15363,64480,2361849.87,1800189.76,124.12496689089762
2020-10-21,23461,18428,125439,2168284.88,1762213.02,92.42082093687395
2020-10-22,19036,14034,92719,2384359.77,1939167.59,125.25529365412902
2020-10-23,22434,17640,111878,1313373.58,984874.54,58.54388784880093
2020-10-24,22947,18684,96280,2435210.66,1935814.16,106.12326927267182
2020-10-25,19591,14128,93877,2045855.5,1595051.09,104.42833443928335
2020-10-26,21875,17852,75409,2383306.02,1881515.76,108.95113234285715
2020-10-27,22036,16781,78948,3242319.66,2668015.76,147.13739607914323
2020-10-28,20859,15866,66974,4138715.4,3246854.44,198.41389328347475
2020-10-29,21829,16036,95302,3361148.04,2777298.73,153.9762719318338
2020-10-30,22356,17201,94204,2606337.42,2045887.36,116.58335212023617
2020-10-31,23949,18930,111408,3099623.67,2419274.6,129.42601653513717
2020-11-01,18245,12972,61204,2000351.9,1651707.88,109.6383611948479
2020-11-02,19551,14750,64224,1609265.54,1276568.22,82.3111626003785
2020-11-03,17361,12559,82603,1148970.3,951051.1,66.18111283912218
2020-11-04,16277,12255,56661,1475675.48,1140886.92,90.66016342077778
2020-11-05,15813,12731,64934,1340308.97,1063954.02,84.75994245241257
2020-11-06,16918,12621,85878,717152.89,537123.9,42.3899332072349
2020-11-07,17082,12711,79468,1261006.58,1012158.51,73.82078093900012
2020-11-08,18445,13486,81091,1462906.75,1152752.12,79.31183247492545
2020-11-09,17701,12953,76286,1841341.67,1500031.86,104.02472572171064
2020-11-10,19293,13687,77336,1423817.05,1131446.53,73.7996708650806
2020-11-11,18790,14166,76190,1850484.56,1510899.02,98.48241405002662
2020-11-12,17856,12841,86498,1742209.81,1490266.12,97.56999383960574
2020-11-13,17396,12776,77474,1874908.56,1475799.13,107.77814210163257
2020-11-14,17694,12793,72612,1505407.33,1170919.18,85.08010229456313
2020-11-15,14260,10406,61122,1822943.34,1452200.16,127.83613884992988
2020-11-16,18092,14243,97390,1677772.33,1289405.39,92.73559197435331
2020-11-17,16039,12068,67477,1698265.63,1375791.27,105.88351081738263
2020-11-18,16491,11715,73039,1708292.62,1460231.18,103.58938936389546
2020-11-19,16250,13117,59654,1389140.38,1147069.41,85.48556184615384
2020-11-20,17855,13458,79186,1761075.99,1653768.63,98.63209129095492
2020-11-21,17079,12036,83706,1277317.49,1191035.2,74.7887751039288
2020-11-22,16764,12087,75792,1402812.95,1422457.39,83.68008530183727
2020-11-23,15370,11896,81227,1254495.47,1331674.56,81.61974430709174
2020-11-24,18796,13402,84515,1234768.03,1251831.61,65.69312779314748
2020-11-25,15420,10841,54787,1016787.85,1011073.66,65.93954928664073
2020-11-26,16733,13329,79614,1003033.14,1066907.31,59.94341361381701
2020-11-27,17323,13271,92052,2064673.72,2076697.24,119.18684523465912
2020-11-28,18543,13712,71710,2102733.52,2118368.35,113.39769832281723
2020-11-29,18159,14657,98612,1696662.48,1642786.66,93.43369568808855
2020-11-30,17824,13249,69923,1376299.12,1423882.94,77.21606373429086
2020-12-01,19647,14036,101454,1160032.88,1083886.83,59.04376647834275
2020-12-02,20023,16101,69321,370653.23,366277.85,18.511373420566347
2020-12-03,20422,15573,85659,528608.48,509665.44,25.884265987660367
2020-12-04,16123,12162,75877,645703.05,632473.93,40.048567264156794
2020-12-05,19449,13722,102800,653591.96,700683.81,33.60542752840763
2020-12-06,19233,15083,87799,755648.75,731905.7,39.28917745541517
2020-12-07,17942,14544,75482,832522.38,856716.78,46.400756883290605
2020-12-08,18946,14954,83991,1297656.34,1226584.15,68.49236461522221
2020-12-09,19732,14464,64921,1154833.63,1135523.17,58.52592894790188
2020-12-10,16485,13246,64712,696601.42,694712.49,42.2566830451926
2020-12-11,16188,11995,58965,708701.4,714731.83,43.77942920681987
2020-12-12,16777,13540,71386,1122552.93,1114505.97,66.91023007689098
2020-12-13,16467,12133,58632,937152.62,894184.44,56.91095038561972
2020-12-14,19160,14625,69801,1601200.69,1536265.51,83.56997338204593
2020-12-15,20367,15824,98777,1355809.66,1345601.61,66.56894289782491
2020-12-16,19278,15286,93923,1368150.26,1378715.06,70.96951239755161
2020-12-17,19854,14704,70559,1104685.57,1105268.19,55.64045381283369
2020-12-18,20218,14273,75635,1251306.12,1173503.24,61.89069739835791
2020-12-19,20038,15556,91258,1648432.09,1604918.15,82.26530042918455
2020-12-20,20214,16185,71596,1777867.4,1748875.07,87.95228059760562
2020-12-21,18862,15018,79432,2040125.86,2025685.77,108.1606330187679
2020-12-22,18707,13230,83873,2050706.5,1957791.36,109.62241406959961
2020-12-23,19179,14954,95061,1964805.24,2036033.68,102.44565618645393
2020-12-24,20374,15600,88847,1223063.47,1196024.1,60.03060125650339
2020-12-25,19207,14605,70159,1200258.49,1181002.97,62.490679960431095
2020-12-26,19934,15114,93736,1099988.0,1121806.33,55.181498946523526
2020-12-27,22306,16526,92481,1517374.4,1548752.98,68.0253922711378
2020-12-28,18063,14637,96451,3627797.75,3660309.96,200.84137463322816
2020-12-29,21080,15731,90633,2940732.69,2915164.04,139.5034482922201
2020-12-30,20533,16778,69320,2881135.64,2881761.18,140.31732528125457
2020-12-31,17767,13361,93445,2153864.87,2157011.11,121.22839365115102
2021-01-01,14570,11040,49430,1553431.51,1547553.58,106.61849759780371
2021-01-02,13267,10265,60079,378420.41,311258.46,28.523434838320643
2021-01-03,14741,11620,73963,677894.56,516308.19,45.98701309273456
2021-01-04,14929,10471,52523,819877.04,631242.67,54.91841650478934
2021-01-05,16138,12708,53744,1174326.91,961163.6,72.76780951790803
2021-01-06,16334,12369,83419,1114251.05,906466.26,68.21666768703318
2021-01-07,16711,11962,91756,837846.02,690390.14,50.13739572736521
2021-01-08,16364,13392,62434,1023293.14,849565.94,62.53319115130775
2021-01-09,16343,11944,64540,853729.27,699954.28,52.23822248057272
2021-01-10,13484,9896,58053,1180728.66,984866.85,87.56516315633343
2021-01-11,16493,11978,55382,1515387.6,1201417.37,91.88065239798703
2021-01-12,15881,11461,69707,1062807.64,869052.09,66.92321894087273
2021-01-13,15076,10739,53234,1070756.5,856031.34,71.02391217829663
2021-01-14,16537,11936,53246,764427.24,629061.31,46.225266977081695
2021-01-15,15763,11957,60315,977003.78,779003.57,61.98082725369537
2021-01-16,15667,11566,78596,1185774.61,916210.38,75.68613072062297
2021-01-17,16227,13003,67057,1224098.2,966990.57,75.43589079928513
2021-01-18,15948,11290,59449,2502006.18,1916159.06,156.88526335590672
2021-01-19,16117,12572,68303,2011018.39,1652010.17,124.77622324253893
2021-01-20,15543,11545,69867,1595354.2,1216527.62,102.64133050247699
2021-01-21,15673,11090,61671,1698207.91,1250048.47,108.35244752121483
2021-01-22,16747,12024,55374,1620041.5,1267935.48,96.73622141279036
2021-01-23,16160,12050,61099,1744298.27,1412867.08,107.93924938118812
2021-01-24,15728,11746,57187,1862707.42,1491339.57,118.43256739572736
2021-01-25,17059,12064,85576,2346216.5,1913189.53,137.53540653027727
2021-01-26,16118,12581,57820,2993616.58,2282478.29,185.73126814741283
2021-01-27,17898,14011,68989,2258351.94,1690062.59,126.17901106268856
2021-01-28,14112,9931,72021,2405871.45,1845885.39,170.4840880102041
2021-01-29,15601,11768,66036,2246568.53,1778946.6,144.00157233510672
2021-01-30,16213,12103,85859,2167603.39,1754979.72,133.69539196940727
2021-01-31,14307,10979,54842,1607178.02,1317474.79,112.33508212762983
2021-02-01,24811,19041,121401,1551374.11,1281321.59,62.52767361251058
2021-02-02,25619,18057,116068,958876.9,764858.08,37.428350052695265
2021-02-03,24601,19055,96562,1095535.11,933310.92,44.532137311491404
2021-02-04,24393,17316,85004,1345207.17,1009834.12,55.14726232935678
2021-02-05,23162,16799,89702,1749418.05,1399602.15,75.52966280977463
2021-02-06,28524,20728,141994,1240787.91,940727.48,43.49978649558266
2021-02-07,25884,19478,129366,1814367.53,1394396.68,70.09610299799104
2021-02-08,22937,17347,83607,1325809.68,1131072.08,57.802226969525215
2021-02-09,22393,18180,108739,1448124.96,1194857.77,64.66864466574376
2021-02-10,21106,16559,98582,1851743.73,1575581.32,87.73541789064721
2021-02-11,23164,18564,120219,1689417.95,1396084.38,72.93291098255914
2021-02-12,20050,15090,103675,1983824.96,1679342.84,98.94388827930175
2021-02-13,20675,16310,86780,1986462.63,1556559.62,96.08041741233373
2021-02-14,19107,14102,97327,2942830.48,2472928.79,154.01844768932853
2021-02-15,21007,16081,68470,3142099.08,2531323.24,149.57390774503736
2021-02-16,24988,18787,98983,1874868.49,1645455.89,75.0307543620938
2021-02-17,27259,21684,107385,2468895.03,1948858.13,90.57173887523386
2021-02-18,23888,19308,121845,1729200.62,1374282.0,72.38783573342265
2021-02-19,20136,15365,97088,2485137.46,1894234.27,123.41763309495431
2021-02-20,22514,16093,81093,2510521.11,1978226.96,111.50933241538597
2021-02-21,24929,19918,113473,2673937.37,2158355.9,107.26211921858078
2021-02-22,21488,16743,88253,3295922.4,2680528.93,153.38432613551748
2021-02-23,23227,17758,110633,4952064.84,3886168.63,213.2029465708012
2021-02-24,24814,18311,109543,2880648.13,2377495.5,116.08963206254533
2021-02-25,25641,19004,117903,5675843.97,4598510.35,221.35813618813617
2021-02-26,20529,16603,85164,3813868.44,3118356.14,185.77955282770714
2021-02-27,22079,15987,117948,3241854.71,2733660.27,146.8297798813352
2021-02-28,26771,19046,121825,2348995.75,1901704.24,87.74404206043853
2021-03-01,30058,23636,139274,1942260.67,1595206.21,64.61709594783419
2021-03-02,34281,27865,150636,679248.37,536287.19,19.814135235261514
2021-03-03,37125,27617,174633,1202803.22,982110.07,32.39873993265993
2021-03-04,34850,24960,180481,2188811.67,1718125.54,62.806647632711616
2021-03-05,34458,27269,136717,1350969.16,1101818.84,39.2062557316153
2021-03-06,33670,27371,133076,1702498.76,1385168.73,50.56426373626373
2021-03-07,36948,28600,157069,2475099.15,2022240.35,66.98871792789866
2021-03-08,35780,27855,140464,2765984.78,2054703.58,77.3053320290665
2021-03-09,31141,22131,156070,2910840.37,2318282.64,93.47292540380849
2021-03-10,37934,26752,195688,2793536.43,2183321.72,73.64202114198345
2021-03-11,34349,26011,168223,4291688.17,3434300.04,124.94361320562462
2021-03-12,32364,23561,105747,4134860.06,3361961.81,127.76109442590533
2021-03-13,31175,24629,112065,2417371.88,1968099.73,77.54200096230954
2021-03-14,30999,25273,114789,2889680.59,2334076.0,93.21850995193392
2021-03-15,31562,23684,161584,3654509.31,2866925.36,115.78826785374818
2021-03-16,30694,24351,159810,4008350.11,3320217.27,130.59067276992246
2021-03-17,31897,25392,170214,4400411.89,3480694.63,137.9569204000376
2021-03-18,35408,28839,182242,5516765.31,4537155.51,155.80561765702666
2021-03-19,34760,28067,120473,3614457.51,2975958.79,103.98324252013808
2021-03-20,31417,24295,126393,3232018.55,2766387.35,102.87483050577713
2021-03-21,34445,26647,124002,2822145.24,2475231.8,81.93192742052548
2021-03-22,33491,26683,121744,3923103.49,3698730.81,117.13903705473113
2021-03-23,28368,20831,105036,4222620.69,3768846.71,148.85154716582065
2021-03-24,28378,21514,109227,4003647.57,3639438.17,141.08279547536824
2021-03-25,36949,28753,161932,4847687.37,4322456.49,131.199420011367
2021-03-26,31567,22349,122036,4034615.27,3623284.41,127.811172110115
2021-03-27,32631,23595,147924,3612774.77,3405524.2,110.71602984891668
2021-03-28,30890,23435,161355,3528929.89,3193051.24,114.24182227258012
2021-03-29,34658,26535,185511,4090090.6,3735223.94,118.01288591378614
2021-03-30,27851,21589,134872,10795905.35,9875208.04,387.6307978169545
2021-03-31,30899,22549,126799,9220320.43,8547874.84,298.4019039451115
2021-04-01,41841,33400,158113,9027075.84,8225391.38,215.7471341507134
2021-04-02,44123,31584,214010,7866035.23,7228630.89,178.27516782630374
2021-04-03,41643,30558,161901,7594752.42,7064149.71,182.37764858439593
2021-04-04,39805,28128,200899,1720555.46,1597615.49,43.224606456475314
2021-04-05,47943,35534,209958,2665962.66,2489752.36,55.606921969839185
2021-04-06,44337,34814,229084,2627509.32,2395678.58,59.262226131673316
2021-04-07,42648,32357,157589,3504391.02,3200078.0,82.1701139561058
2021-04-08,46956,35299,239902,3026850.22,2768519.33,64.46141536757817
2021-04-09,45568,33443,193914,3110153.27,2714930.73,68.2530124209972
2021-04-10,42541,34382,205786,2505766.01,2142941.81,58.90237676594344
2021-04-11,43154,32111,138797,2755337.37,2528446.54,63.848944941372764
2021-04-12,47621,35359,182817,3206411.87,3006280.88,67.33188866256484
2021-04-13,43787,33075,237704,3231903.43,2897501.76,73.80965651905817
2021-04-14,41868,33201,218893,5218947.03,4826353.96,124.6524082831757
2021-04-15,46066,36105,162617,4270735.63,3783812.65,92.70906156384318
2021-04-16,43728,33236,155174,3735241.12,3308841.35,85.41989388949872
2021-04-17,47170,34731,171205,3800876.52,3259298.49,80.57825991096036
2021-04-18,42920,32739,155375,4448113.81,3495208.68,103.63732082945013
2021-04-19,48473,38183,183223,3468512.12,2925337.15,71.55554886225322
2021-04-20,42582,31626,150485,4030055.78,3186833.6,94.64223803485041
2021-04-21,37415,28122,137412,5244905.44,4141247.89,140.18189068555392
2021-04-22,44828,33107,221933,4635126.49,3691630.05,103.39802110288213
2021-04-23,41069,30398,194843,2503702.41,1966755.8,60.96331563953347
2021-04-24,45034,36788,211215,3966260.92,3199689.13,88.07258782253409
2021-04-25,50274,40430,254833,4545990.29,3630097.75,90.42428074153638
2021-04-26,40077,31568,164581,4718077.11,3814996.18,117.72530653492029
2021-04-27,43799,31642,206019,5303542.87,4355535.28,121.08821822416037
2021-04-28,47571,33983,212630,5606431.49,4335482.99,117.85397595173531
2021-04-29,46907,33983,162107,9535515.05,7714922.63,203.2855448014156
2021-04-30,50714,40411,194628,6962149.33,5622679.65,137.2825911976969
2021-05-01,38587,27949,180978,6555221.49,5276005.92,169.8816049446705
2021-05-02,39941,31361,128241,5301495.07,4383106.98,132.7331581582835
2021-05-03,47936,36124,207575,3778243.02,3051862.47,78.81848756675568
2021-05-04,40128,32736,172741,1930133.97,1605646.92,48.09943107057416
2021-05-05,42121,33188,224669,2491751.76,1992920.65,59.15699437335295
2021-05-06,38251,30338,146607,3090364.98,2462408.5,80.79174348383049
2021-05-07,40597,32930,186760,3099539.75,2583097.98,76.34898514668572
2021-05-08,42180,30797,202495,2448108.31,2024581.03,58.03955215742058
2021-05-09,47574,36687,221606,3801718.87,3192875.3,79.91169273132384
2021-05-10,40689,28723,146918,3546216.71,2807669.46,87.1541868809752
2021-05-11,41632,30068,216979,3323078.36,2752138.51,79.82029112221367
2021-05-12,40035,31679,173943,4782841.68,3847828.01,119.4665088047958
2021-05-13,44172,33131,145415,5666923.8,4709813.19,128.29221678891605
2021-05-14,41669,29288,220903,5250104.11,4258778.21,125.99544289519788
2021-05-15,44877,32359,163408,3858160.76,3146686.62,85.97189562582169
2021-05-16,46038,32930,178309,3981359.06,3199505.04,86.47984404187845
2021-05-17,40445,29227,133550,4684806.7,3826508.17,115.8315415997033
2021-05-18,40506,32133,144075,3549112.31,2889339.05,87.61942206092925
2021-05-19,40499,31915,191765,4795038.58,3840346.57,118.39893775154943
2021-05-20,48008,34549,234218,5057797.75,4088691.43,105.35322758706882
2021-05-21,40494,30867,207787,5434543.62,4271132.76,134.2061446140169
2021-05-22,36963,28930,152131,4310539.38,3526722.84,116.61768200633065
2021-05-23,45854,34982,172164,3846392.54,3086892.89,83.88346796353645
2021-05-24,44500,33428,223584,3987573.28,3177252.48,89.60838831460674
2021-05-25,40082,28264,149247,3822459.48,3142554.15,95.36598672720922
2021-05-26,45774,37206,211861,4915453.17,4056932.97,107.38526608992004
2021-05-27,35745,28000,177423,7320510.07,6048379.93,204.79815554623025
2021-05-28,41259,31125,152716,6925957.27,5561587.62,167.86536925276909
2021-05-29,30460,22820,165532,4630943.52,3787091.31,152.0336021011162
2021-05-30,36841,26242,147220,8887935.6,7274840.31,241.25120382182894
2021-05-31,44156,33751,169380,7996369.9,6466327.4,181.09362034604584
2021-06-01,40847,32094,213982,7479521.04,6141761.22,183.1106578206478
2021-06-02,42831,31013,182212,6960798.21,5572082.02,162.51776073404776
2021-06-03,48600,38637,184769,6367799.03,5139667.32,131.02467139917695
2021-06-04,44701,32417,226819,2524112.16,2097669.41,56.46657032281157
2021-06-05,46818,37746,238843,2884765.01,2262050.61,61.616579307104104
2021-06-06,40909,32161,150967,3795966.84,3084551.9,92.79050673445941
2021-06-07,46202,33516,198783,3757477.99,3136794.28,81.32717176745597
2021-06-08,45781,37084,219913,3948452.32,3177527.58,86.24652847251042
2021-06-09,34088,27887,130269,3733884.76,3009506.21,109.53663341938511
2021-06-10,44249,32430,217077,3994102.54,3220973.51,90.26424416370992
2021-06-11,44246,32772,164717,3221511.31,2622379.46,72.80909709352258
2021-06-12,44378,35506,154157,3618435.07,2920008.48,81.53668642119969
2021-06-13,42050,31300,215993,3349171.43,2778202.9,79.64735862068966
2021-06-14,46537,36237,246126,4007931.92,3159812.63,86.12355588026732
2021-06-15,44310,31547,210222,4162142.95,3326425.2,93.9323617693523
2021-06-16,44337,35817,229232,4740156.23,3752544.13,106.91197487425853
2021-06-17,47460,37553,238402,5807751.43,4698668.17,122.371500842815
2021-06-18,43011,34964,202414,4316861.14,3463681.18,100.3664443979447
2021-06-19,43105,35045,148637,3596996.21,3016398.92,83.44730796891312
2021-06-20,45601,33536,218671,3113780.62,2502341.31,68.28316528146313
2021-06-21,50225,40208,255212,3454322.45,2831163.45,68.77695271279244
2021-06-22,44414,35172,231173,3814525.81,3072656.32,85.88566240374657
2021-06-23,40031,31413,139944,5129834.24,4258385.56,128.14654242961706
2021-06-24,46126,36500,189683,5015283.26,4491924.42,108.73007110956944
2021-06-25,38862,30258,150660,3255836.16,2807033.14,83.7794287478771
2021-06-26,38286,28676,174622,3202321.56,2946230.91,83.64210311863344
2021-06-27,49137,39354,260766,3938214.81,3832008.26,80.14764454484401
2021-06-28,46294,35882,202773,4255543.96,4082242.05,91.92430898172549
2021-06-29,40996,30081,215178,5907160.01,5911751.11,144.0911310859596
2021-06-30,45773,33294,233584,5094915.79,4949985.1,111.30832128110458
2021-07-01,37571,29901,180410,4975867.15,5024857.74,132.43903941870062
2021-07-02,33233,27127,152049,4397949.68,4326458.07,132.33682424096529
2021-07-03,35152,24966,184088,3132513.38,3101143.37,89.11337562585344
2021-07-04,32810,24267,170944,730601.15,647312.84,22.2676363913441
2021-07-05,29990,21941,119299,1878817.85,1927429.12,62.64814438146049
2021-07-06,31012,23158,156722,1616214.16,1626948.22,52.1157667999484
2021-07-07,30311,24007,123602,1741509.6,1715092.93,57.454706212266174
2021-07-08,33426,25458,118185,2563149.38,2518109.42,76.68130736552384
2021-07-09,34217,25366,174288,2685812.87,2706650.91,78.49352281029898
2021-07-10,31779,22917,150809,2524108.8,2448068.41,79.42694232040026
2021-07-11,30443,23946,142310,2592712.85,2553763.2,85.16614164175672
2021-07-12,34467,27984,123706,3123873.5,3108780.0,90.63375112426378
2021-07-13,34885,25203,146821,2650746.43,2549076.58,75.98527819979934
2021-07-14,38621,27441,155193,2970833.54,2785803.91,76.92275031718495
2021-07-15,34804,27447,145288,3628282.86,3639556.87,104.24901907826687
2021-07-16,33529,24745,133076,2768513.94,2780496.25,82.57072802648453
2021-07-17,34590,25085,138564,2453122.24,2399937.97,70.91998381034982
2021-07-18,38368,30559,130106,2827723.47,2930478.35,73.70004873853212
2021-07-19,34197,26768,167299,2859598.56,2696150.18,83.62132818668304
2021-07-20,30516,22658,113914,3389960.06,3045138.98,111.0879558264517
2021-07-21,33646,23848,179592,3336465.66,2928248.05,99.16381323188493
2021-07-22,32412,25523,158492,4388007.92,3796262.13,135.3822016537085
2021-07-23,32445,26329,134930,4385215.41,3753800.99,135.15843458159964
2021-07-24,31592,25814,118083,2294305.45,1930929.33,72.62298841478857
2021-07-25,35455,26715,120481,2549303.61,2173412.06,71.90251332675221
2021-07-26,33451,23825,147504,3676952.36,2918564.14,109.92055125407312
2021-07-27,33644,23932,164830,3460197.23,2857159.07,102.84737932469385
2021-07-28,34683,25833,113756,4046860.27,3235448.81,116.68137906178819
2021-07-29,32982,24449,136497,5547857.68,4566302.38,168.20864956643015
2021-07-30,36061,26735,140586,6548042.77,6322433.77,181.5823956629045
2021-07-31,29917,22395,154337,5256382.47,5446793.9,175.6988491493131
2021-08-01,37105,27725,195190,3652376.75,4109973.08,98.43354669182051
2021-08-02,42139,33273,143292,4399616.65,4886236.3,104.40723913714137
2021-08-03,34871,28444,134855,2422462.49,3359505.36,69.46925783602421
2021-08-04,42489,31819,211792,1157658.1,1697391.73,27.24606604062228
2021-08-05,37593,29342,166972,1482037.52,2026425.65,39.42323092065012
2021-08-06,41901,33170,150778,1591502.8,2374360.64,37.982453879382355
2021-08-07,36018,27276,115308,1632328.25,2336736.46,45.31979149314232
2021-08-08,39567,31128,138739,1411882.22,1918090.72,35.68332752040842
2021-08-09,39113,27660,163795,1376421.76,2167285.81,35.190902257561426
2021-08-10,39302,29245,155199,1581357.61,2246981.07,40.236059488066765
2021-08-11,30995,24667,159578,1740229.21,2604985.61,56.1454818519116
2021-08-12,38269,29771,208637,2480973.68,3548924.53,64.82985392876742
2021-08-13,37306,29688,123156,2199306.57,3444159.74,58.95315954538144
2021-08-14,37592,29767,175016,1494099.71,1993428.41,39.74515082996382
2021-08-15,39171,29071,146883,1862118.62,2645589.05,47.53819458272702
2021-08-16,42739,32073,186199,2220064.67,3319453.91,51.94470319848382
2021-08-17,35832,25317,135797,2263302.37,3320429.89,63.16427690332664
2021-08-18,33929,26293,149882,1875383.97,2630473.94,55.273776710188926
2021-08-19,34659,26539,156110,2535597.13,3644326.12,73.15840416630601
2021-08-20,36779,28824,123466,2553183.49,3860236.79,69.41960058729167
2021-08-21,35239,27158,150437,1453356.23,2098001.94,41.24283407588184
2021-08-22,33822,26677,184931,1640268.07,2295711.5,48.49707498078174
2021-08-23,41170,32849,199026,1883869.71,2626041.33,45.75831212047608
2021-08-24,33874,25023,154508,1836322.27,2808012.6,54.21037580445179
2021-08-25,42700,33671,212858,1939866.54,2821994.79,45.43012974238876
2021-08-26,44382,33320,172425,1886569.08,2959216.09,42.50752737596323
2021-08-27,31425,25653,154963,1662732.77,2371412.62,52.911146221161495
2021-08-28,40471,32901,163592,1664938.51,2453257.65,41.13905043117294
2021-08-29,38145,28063,192572,4443078.33,6342118.62,116.47865591820684
2021-08-30,41162,33329,194304,3996164.3,5499176.03,97.08382245760653
2021-08-31,41421,33047,200812,3940957.44,5240978.22,95.14394727312232
2021-09-01,27326,19208,99898,3579634.39,4583108.31,130.9973794188685
2021-09-02,28236,21778,94116,3917618.96,4722341.9,138.74553619492846
2021-09-03,26551,19907,108115,1070973.42,1003268.02,40.336462656773755
2021-09-04,24298,18434,117729,1839742.83,1710231.68,75.71581323565727
2021-09-05,28062,21856,117356,1682890.37,1626164.36,59.97043582068278
2021-09-06,28771,21226,117131,2097434.58,1931198.13,72.9009968370929
2021-09-07,23373,16735,88001,2244132.38,1986738.71,96.01387840670859
2021-09-08,29427,23808,114276,3716975.63,3437593.72,126.31174193767627
2021-09-09,25832,18779,102486,2187074.96,2082447.03,84.66533601734282
2021-09-10,24570,18030,128972,1980857.12,1821707.08,80.6209654049654
2021-09-11,22915,16946,78615,1547495.48,1455524.4,67.53198690813878
2021-09-12,24856,18243,109179,2102573.99,1909199.54,84.59019914708723
2021-09-13,26951,20849,129532,2488502.06,2265837.09,92.33431264146043
2021-09-14,26127,19448,125476,2715006.68,2532491.32,103.91574539748154
2021-09-15,27170,22258,90013,3275643.47,3007258.03,120.56104048582996
2021-09-16,24544,20042,109761,1853200.26,1657780.29,75.50522571707953
2021-09-17,27224,19381,129910,2031900.2,1889074.28,74.63635762562444
2021-09-18,25797,18347,105109,1910747.73,1785651.61,74.06860216304221
2021-09-19,26670,21014,95312,1952437.84,1794752.16,73.20726809148857
2021-09-20,27194,19545,107817,2307149.39,2140377.91,84.84038354048688
2021-09-21,28567,20425,111680,3210995.34,2839955.92,112.40225925018377
2021-09-22,23720,19155,125345,2518917.94,2299264.05,106.19384232715008
2021-09-23,28950,21182,140514,2220736.52,2001371.7,76.70937892918826
2021-09-24,25544,19883,116993,2008968.22,1790130.16,78.64736219855935
2021-09-25,28614,21314,124020,2281967.32,2112780.84,79.75002865730062
2021-09-26,26085,20400,95877,1602075.57,1461503.99,61.417503162737205
2021-09-27,27562,22060,142951,3058684.14,2864098.57,110.97468035701328
2021-09-28,28001,21001,103029,4749132.81,4287087.43,169.60582872040283
2021-09-29,29661,23727,120596,3184253.74,2793067.38,107.35490172280099
2021-09-30,28475,21959,148954,3504126.92,3102295.47,123.05976892010536
2021-10-01,24386,17960,123393,2465559.4,2269641.63,101.10552776183056
2021-10-02,21410,15691,111539,2584886.96,2309451.71,120.73269313404951
2021-10-03,22289,18269,72630,920334.15,789349.71,41.290957422944054
2021-10-04,21958,16903,103019,1043382.83,864297.5,47.51720694052281
2021-10-05,22060,17666,72399,1440909.2,1238586.01,65.31773345421577
2021-10-06,20869,16523,75300,1793088.31,1465294.6,85.92114188509272
2021-10-07,24821,18161,83730,1826196.69,1497790.82,73.57466218121752
2021-10-08,19762,13894,102451,1613264.94,1325310.58,81.63469992915697
2021-10-09,18870,14640,73117,1794510.68,1447840.15,95.09860519342872
2021-10-10,21359,15899,93665,1883117.98,1559914.53,88.16508169858139
2021-10-11,23411,17978,128488,2300450.29,1848634.77,98.26364913929349
2021-10-12,19294,15019,96700,1567144.44,1334199.42,81.22444490515186
2021-10-13,19477,15122,105026,1918678.27,1624278.45,98.50994865739077
2021-10-14,21776,17637,87008,2148334.67,1733671.89,98.65607411829536
2021-10-15,22446,16346,89558,1900056.41,1665667.16,84.65011182393299
2021-10-16,24812,18137,128060,2106301.79,1750771.11,84.89044776720942
2021-10-17,20591,15415,74234,2495144.25,2124471.09,121.17644844835122
2021-10-18,21604,16693,98358,2029589.44,1714394.15,93.94507683762266
2021-10-19,22443,16563,96730,1794195.22,1443278.64,79.944535935481
2021-10-20,20905,16187,89875,2748359.42,2249708.28,131.46899880411385
2021-10-21,22586,17775,77577,1715238.6,1425166.31,75.94255733640308
2021-10-22,24218,19711,114397,2513749.87,2045877.61,103.79675737055084
2021-10-23,21880,16024,73662,1853822.02,1521941.02,84.72678336380255
2021-10-24,21229,17267,81196,2201542.06,1879343.83,103.70446370530878
2021-10-25,23224,16717,114672,2021989.32,1646748.37,87.06464519462625
2021-10-26,24639,17733,80324,2162674.08,1776598.49,87.77442591014245
2021-10-27,18866,13558,98028,2151921.73,1803290.61,114.06348616558888
2021-10-28,20437,15921,98377,2489853.45,2036708.17,121.83067231002595
2021-10-29,23463,19019,128387,3746325.95,3090953.59,159.66952009546947
2021-10-30,21242,16732,74585,3434826.63,2965454.49,161.69977544487335
2021-10-31,19649,15891,86079,3026687.11,2545466.76,154.03771744109113
2021-11-01,20235,14266,81756,2926691.09,2398381.34,144.6350921670373
2021-11-02,17580,13040,95858,3072730.67,2536221.43,174.78558987485778
2021-11-03,19842,14973,105035,1262904.96,1055921.75,63.64806773510735
2021-11-04,17473,13578,83632,1344901.28,1136391.76,76.9702558232702
2021-11-05,20400,15416,95780,1257605.18,1084704.98,61.647312745098034
2021-11-06,17302,12568,70438,2093872.9,1714441.6,121.0191249566524
2021-11-07,18751,13247,74916,942802.49,782264.44,50.28011786038078
2021-11-08,19651,14673,90100,2064680.43,1687466.21,105.06744847590453
2021-11-09,16554,11704,63719,2462296.67,2100076.52,148.7433049414039
2021-11-10,16316,11438,69694,1774844.23,1518855.62,108.77937178229958
2021-11-11,17054,12407,64947,1412638.65,1123822.69,82.83327371877564
2021-11-12,17407,12320,64158,1777590.33,1460783.5,102.11928132360545
2021-11-13,18928,13455,84772,1291079.97,1073274.92,68.21005758664413
2021-11-14,18386,13522,80295,1228705.01,1065683.97,66.828293810508
2021-11-15,19029,14409,87572,1206377.91,983743.19,63.396810657417625
2021-11-16,16503,12928,78077,2106714.51,1725304.97,127.65645700781674
2021-11-17,19729,16006,74286,1531889.09,1349321.43,77.64656546201024
2021-11-18,18086,13283,95314,1661241.07,1433114.76,91.85232057945372
2021-11-19,20121,16204,81355,1253389.32,1095039.04,62.292595795437606
2021-11-20,18493,13334,98514,1071404.44,1040227.2,57.93567512031579
2021-11-21,19555,14372,70710,1222908.7,1238315.19,62.53688059319867
2021-11-22,20461,16499,82338,1558297.56,1613383.51,76.15940374370754
2021-11-23,18415,13258,73460,1613168.79,1629011.23,87.6008031496063
2021-11-24,17455,13583,92249,1665269.85,1709718.17,95.4036006874821
2021-11-25,18638,14070,99028,1278003.36,1305823.05,68.56976928855028
2021-11-26,17760,13626,72802,970756.2,1019443.98,54.65969594594594
2021-11-27,16640,12984,56761,1407280.07,1519826.79,84.57211959134615
2021-11-28,19450,15869,85349,2359645.42,2324536.28,121.31853059125963
2021-11-29,21295,15967,82166,1830856.99,1894919.03,85.97590936839633
2021-11-30,15377,11989,55274,2987950.32,3045686.15,194.31295571307797
2021-12-01,19054,13537,65331,1881588.13,1920538.46,98.75029547601552
2021-12-02,17604,12796,62792,1911470.99,1996362.17,108.58162860713475
2021-12-03,21253,15423,81710,586748.17,626899.33,27.607781019150238
2021-12-04,21716,16391,95580,819389.63,787101.35,37.732069902376125
2021-12-05,18397,14224,70529,1101768.07,1082761.55,59.888463879980435
2021-12-06,20668,15918,67398,1167887.5,1132700.46,56.50703986839559
2021-12-07,21840,15330,102200,708706.53,724333.47,32.44993269230769
2021-12-08,23815,17342,90722,919265.14,968146.91,38.60025782070124
2021-12-09,20773,16717,100580,999032.78,1047782.72,48.092850334568915
2021-12-10,22104,16530,117774,1214991.34,1243394.6,54.96703492580529
2021-12-11,17639,12442,89865,948995.31,997983.77,53.80097000963774
2021-12-12,21143,16020,112345,1285064.15,1307106.22,60.77965047533462
2021-12-13,20511,15018,86240,1112918.62,1168775.11,54.25959826434597
2021-12-14,21633,16520,93442,1821860.68,1884666.84,84.21673739194749
2021-12-15,21102,16384,85848,1773908.51,1816537.46,84.06352525826937
2021-12-16,24232,18536,94060,1771984.63,1846296.05,73.1258100858369
2021-12-17,19112,13571,77118,1463605.82,1523555.95,76.58046358308916
2021-12-18,18789,15217,75059,1214550.47,1217310.4,64.64157059981905
2021-12-19,21312,17414,101787,1546435.59,1510053.63,72.56173001126126
2021-12-20,21881,15629,75775,1676753.39,1642291.41,76.63056487363465
2021-12-21,20173,15661,108494,2017237.85,2127476.27,99.99691914935806
2021-12-22,19226,15198,63765,2327738.57,2283587.28,121.07243160303754
2021-12-23,20108,15623,98925,2415914.18,2480623.5,120.14691565546052
2021-12-24,17767,12442,57152,1448810.25,1505101.29,81.54501322676873
2021-12-25,18380,13684,64150,1120986.7,1156338.1,60.98948313384113
2021-12-26,20335,16537,76060,1317218.46,1338753.3,64.77592623555446
2021-12-27,22747,18004,95282,1025037.51,986082.95,45.06253615861432
2021-12-28,21237,16164,89295,1855064.19,1847193.9,87.35057635259217
2021-12-29,22058,17413,116727,4065184.9,4208667.7,184.29526248979963
2021-12-30,19928,14993,101498,3842586.5,3948015.94,192.82348956242473
2021-12-31,18742,14095,84913,3041203.79,3121467.33,162.26676928822965
2022-01-01,17601,13989,78423,2932155.47,3019583.5,166.59027725697405
2022-01-02,16288,12415,86736,2361965.0,2368851.11,145.01258595284872
2022-01-03,15844,12119,86806,545563.72,476501.31,34.43345872254481
2022-01-04,16220,11438,86962,1242319.38,1057834.07,76.59182367447595
2022-01-05,17043,13448,87391,809977.6,684605.3,47.52552954292084
2022-01-06,16845,12989,54823,993048.62,827696.4,58.95212941525675
2022-01-07,16784,12436,86241,1294963.64,1109631.82,77.1546496663489
2022-01-08,16180,11582,59841,1641747.05,1369252.03,101.46767923362175
2022-01-09,17607,13065,83516,1706485.37,1491356.56,96.92084795819845
2022-01-10,13466,10626,73474,2569113.21,2158709.88,190.7851782266449
2022-01-11,17468,14056,82324,1640806.35,1336967.26,93.93212445614839
2022-01-12,16161,11943,67735,1775526.5,1506945.6,109.86489078646123
2022-01-13,17441,13941,74021,1173172.99,946254.56,67.26523651166791
2022-01-14,18087,13318,91918,1548726.82,1300219.1,85.62651738817937
2022-01-15,15371,11711,51050,1461990.71,1263054.33,95.11357166091992
2022-01-16,16172,12808,57584,2064339.13,1781850.02,127.64896920603512
2022-01-17,17394,12263,82644,1621773.2,1340632.16,93.23750718638611
2022-01-18,16276,13141,70085,1861205.18,1606509.55,114.35273900221185
2022-01-19,13271,9704,63114,2020862.53,1738187.82,152.27658277447065
2022-01-20,16831,12226,89260,1249233.56,1043117.49,74.22218287683441
2022-01-21,15120,11837,54701,1580948.85,1245282.02,104.56010912698413
2022-01-22,18072,12999,89823,1758593.8,1468639.94,97.31041389995573
2022-01-23,14482,10941,54012,1785338.17,1512426.38,123.2798073470515
2022-01-24,16327,12551,58647,1915906.28,1601822.71,117.34588595577877
2022-01-25,14769,11760,79210,2471179.3,1957064.07,167.32204617780485
2022-01-26,16497,12386,87194,2278973.82,1903209.07,138.14474268048735
2022-01-27,20276,14709,110718,1604489.99,1290075.13,79.13247139475241
2022-01-28,16752,13732,80272,2792317.48,2306948.5,166.68561843361985
2022-01-29,14842,11909,69729,3897632.5,3247780.03,262.608307505727
2022-01-30,14890,11490,58640,3903300.55,3262713.48,262.14241437206175
2022-01-31,14632,10842,65353,3159829.55,2627738.4,215.9533590759978
2022-02-01,21868,17710,117258,3672475.88,3092119.13,167.9383519297604
2022-02-02,27306,21266,126792,3072419.17,2457270.01,112.51809748773164
2022-02-03,26597,21388,107155,1056919.3,915391.24,39.73829003271046
2022-02-04,23796,18040,83295,1135262.35,959597.02,47.70811691040512
2022-02-05,23738,17660,98963,1325806.77,1094262.79,55.85166273485551
2022-02-06,23675,18804,80717,1360544.32,1086414.25,57.46755311510032
2022-02-07,21436,16245,79683,1777072.87,1505671.69,82.90132813957828
2022-02-08,26112,20992,122104,2324022.32,1858719.97,89.00208026960783
2022-02-09,26252,21176,93470,2087968.13,1716217.3,79.53558319366144
2022-02-10,23043,16686,100004,1681958.09,1377183.24,72.9921490257345
2022-02-11,20118,16255,87360,1868277.55,1450465.3,92.86596828710607
2022-02-12,24012,19085,104955,2483675.48,2002526.57,103.4347609528569
2022-02-13,23278,16982,88382,2471088.82,2037847.39,106.15554686828764
2022-02-14,23850,17502,94646,2477651.08,2066561.36,103.88474129979036
2022-02-15,25068,19127,136790,2911470.49,2304155.38,116.14291088239987
2022-02-16,21370,15872,88752,3189077.73,2624063.44,149.2315269068788
2022-02-17,25737,20825,136570,2365001.98,1930644.21,91.89112872518164
2022-02-18,21990,15713,88203,2218074.92,1902787.38,100.86743610732151
2022-02-19,21404,15530,87024,2497284.24,2073056.25,116.67371706223138
2022-02-20,21183,16425,109932,3274514.0,2808978.4,154.58216494358683
2022-02-21,23903,19258,77844,3231879.49,2662096.96,135.20811153411705
2022-02-22,21137,16301,109650,3646117.64,3080342.28,172.49929696740313
2022-02-23,23622,18720,116720,3297595.34,2768284.27,139.59848192363052
2022-02-24,27069,19148,131958,2768850.97,2337359.85,102.28863164505523
2022-02-25,22660,18520,110666,2943786.98,2445090.2,129.91116416593115
2022-02-26,25347,17823,84668,6304749.98,4896174.07,248.7375223892374
2022-02-27,24281,18217,108870,5652340.75,4889448.26,232.7886310283761
2022-02-28,23768,17903,101385,6007208.86,4942844.92,252.74355688320432
2022-03-01,35076,24922,188403,4532724.33,3774772.1,129.22580482381116
2022-03-02,32797,24764,106597,5221766.09,4446394.75,159.21474799524347
2022-03-03,33496,24968,128870,1113577.08,936517.95,33.24507642703607
2022-03-04,29143,20720,149452,1265611.41,1001621.35,43.42762961946265
2022-03-05,33090,26348,124117,1917604.21,1671253.56,57.95116983983076
2022-03-06,28131,21694,91898,2406752.08,1881208.83,85.55515552237745
2022-03-07,36095,27441,191016,3077438.94,2603663.56,85.2594248510874
2022-03-08,29608,21244,113879,3777839.97,3199498.52,127.59524351526615
2022-03-09,33132,25858,168575,4138590.91,3354044.48,124.91219696969698
2022-03-10,36196,25978,157016,3544992.79,2897669.69,97.93879959111504
2022-03-11,37101,26313,171691,3499825.21,2868355.02,94.33236866930811
2022-03-12,30790,23651,115648,3731020.06,3230097.43,121.17635790841183
2022-03-13,33105,26902,113884,4026635.22,3346220.86,121.63223742637065
2022-03-14,31168,23392,118855,4709281.9,3928279.43,151.09349011806984
2022-03-15,36158,26392,167365,4619237.89,3907599.13,127.7514765750318
2022-03-16,32576,26436,158677,4519934.96,3787149.37,138.75045923379176
2022-03-17,31161,23115,118865,5222281.22,4421275.88,167.5902962035878
2022-03-18,35552,28747,144713,4426435.98,3648313.01,124.50596253375339
2022-03-19,35007,25996,181623,4313906.61,3587200.12,123.22982860570744
2022-03-20,32404,24992,122416,4198964.15,3744253.09,129.58166121466488
2022-03-21,30451,22765,130518,4036051.82,3737447.21,132.5425050080457
2022-03-22,31664,25114,105997,4626820.15,4342565.79,146.12241504547754
2022-03-23,35235,27474,187204,5301842.45,4915987.31,150.47090818788138
2022-03-24,31578,22825,157354,5052034.89,4744310.26,159.9859044271328
2022-03-25,35014,25672,113707,4122489.22,4014534.97,117.73831096132976
2022-03-26,33598,25782,156944,4325007.4,4010228.32,128.72812072147153
2022-03-27,38704,29449,130774,5169170.11,4775502.11,133.55648279247623
2022-03-28,31723,23937,133339,4855258.01,4607293.73,153.05166629889985
2022-03-29,36844,29563,162546,4908504.49,4613958.54,133.22398463793292
2022-03-30,32053,23649,163462,11643208.73,10896036.48,363.24864224877547
2022-03-31,39105,28896,147447,9233141.0,8773718.15,236.11152026595065
2022-04-01,42144,30733,195904,8299060.74,8041756.19,196.92152477220958
2022-04-02,40564,31682,137174,8289456.22,7808017.19,204.355
2022-04-03,47464,37125,212580,6547965.12,6148445.74,137.9564537333558
2022-04-04,50915,38038,215316,1974536.55,1802524.97,38.781038004517335
2022-04-05,40856,32721,183495,3017582.3,2782222.29,73.85897542588603
2022-04-06,47925,38848,189601,2934004.6,2645021.55,61.22075326030256
2022-04-07,43669,32002,212764,1947894.58,1833343.52,44.605889303625
2022-04-08,46962,33939,177371,2516364.3,2311523.71,53.58298837357864
2022-04-09,42440,33001,200920,3523261.24,3380510.41,83.017465598492
2022-04-10,49768,36522,216764,3747690.93,3511278.1,75.30322556662917
2022-04-11,45070,32885,144701,4187283.4,3982564.11,92.90622143332594
2022-04-12,43246,31856,165710,4300020.35,4061975.74,99.43163182722101
2022-04-13,43972,31916,224660,4888627.31,4546028.85,111.17591444555626
2022-04-14,46250,32446,165332,4670014.27,4407778.78,100.9732815135135
2022-04-15,44514,34678,218562,4908291.49,4288050.23,110.26399537224245
2022-04-16,39654,29009,205953,5147946.06,4540748.11,129.82160841277044
2022-04-17,43425,33955,164100,4470361.38,3877207.22,102.94441865284973
2022-04-18,44198,31257,158705,3680888.01,2995894.73,83.28177768224806
2022-04-19,46622,34253,244067,4426735.65,3630694.51,94.94950130839518
2022-04-20,46525,34875,177949,4874458.71,4017615.85,104.77074067705534
2022-04-21,48204,38947,176259,2926459.0,2418771.53,60.709878848228364
2022-04-22,39015,28877,210946,4609506.19,3890393.56,118.1470252467
2022-04-23,47534,35380,251668,4709847.04,3925675.06,99.08375142003618
2022-04-24,50247,38699,164392,5020542.99,4173556.86,99.91726849364142
2022-04-25,45074,36767,194189,4873788.42,3954819.04,108.12859786129476
2022-04-26,42549,33144,160644,5688161.6,4770812.83,133.68496556910856
2022-04-27,43119,33031,167038,5361513.76,4376745.35,124.34225654583825
2022-04-28,46696,37526,164806,5590934.3,4645081.23,119.73047584375534
2022-04-29,38774,30376,149304,7579535.07,6187238.79,195.4798336514159
2022-04-30,48271,34401,205748,6592777.23,5405333.92,136.5784265915353
2022-05-01,46440,35572,150451,5680859.44,4706859.17,122.32686132644272
2022-05-02,43201,31271,152718,4291036.44,3434252.59,99.32724798037083
2022-05-03,43413,33025,178141,5504853.65,4531490.74,126.80196369750998
2022-05-04,45850,37014,214094,1792730.62,1492900.17,39.09990447110142
2022-05-05,47226,34964,191784,3556300.98,2916616.09,75.30387879557871
2022-05-06,37977,30976,136672,2532060.94,2027456.78,66.67353766753561
2022-05-07,42010,29449,180265,3620303.23,3000039.1,86.17717757676743
2022-05-08,38928,30245,193556,2468343.71,1923320.47,63.40792514385532
2022-05-09,42454,31780,213593,2985986.67,2430054.67,70.33463678334196
2022-05-10,39754,28238,178091,3668495.19,2955983.75,92.27990114202345
2022-05-11,38601,27372,150402,4347378.73,3521156.43,112.62347426232482
2022-05-12,39174,29779,127140,4753134.02,3878195.49,121.33389544085361
2022-05-13,42638,34379,150563,3479131.38,2953956.65,81.59696467939396
2022-05-14,45546,36408,241402,4406804.98,3730445.32,96.75503842269354
2022-05-15,48367,38529,169548,4455089.7,3604418.84,92.11011019910269
2022-05-16,37310,29184,119833,4323621.35,3469983.75,115.8837134816403
2022-05-17,39183,30677,141878,4158982.96,3363524.3,106.14253528315851
2022-05-18,39338,28360,188861,6094171.87,4997123.61,154.9181928415273
2022-05-19,50386,38175,275560,5824908.18,4737898.72,115.60568769102528
2022-05-20,36419,28338,146098,2226534.2,1797128.71,61.136610011257865
2022-05-21,49387,40268,207689,4033154.28,3341369.82,81.66428979286046
2022-05-22,42073,31253,199334,5000275.74,4124194.76,118.84761581061488
2022-05-23,36172,29099,175445,3647180.26,3055864.88,100.82882505805595
2022-05-24,41157,31416,155103,4442598.36,3584450.45,107.94271594139515
2022-05-25,45321,35057,214638,6573956.43,5501922.55,145.05320778447077
2022-05-26,44370,32896,225409,6284218.49,5141408.99,141.63214987604238
2022-05-27,37986,27205,169620,3652675.9,2933129.2,96.15847680724477
2022-05-28,41345,30685,214142,3223975.84,2664148.14,77.97740573225299
2022-05-29,42319,33504,190894,5327455.25,4413502.81,125.88802311018691
2022-05-30,43665,35277,164071,8158502.0,6931185.72,186.8430550784381
2022-05-31,32603,24732,116825,8513166.37,6787523.6,261.1160436156182
2022-06-01,38689,28947,191690,8373363.4,7038218.52,216.42749618754686
2022-06-02,38883,28520,165887,8325437.52,6796380.79,214.11510222976622
2022-06-03,47464,35006,215933,6585522.44,5345747.87,138.7477338614529
2022-06-04,42514,30168,160294,2998952.42,2492875.15,70.54034953191889
2022-06-05,47723,37307,253750,2945501.79,2481566.23,61.72080108123966
2022-06-06,41983,34144,147719,3100859.0,2519872.17,73.85987185289284
2022-06-07,49231,39865,223238,3673238.8,3096187.02,74.61231337978103
2022-06-08,41338,31512,143167,3686799.9,3086016.13,89.18670230780396
2022-06-09,44804,32533,172103,2619038.14,2169844.13,58.45545353093474
2022-06-10,40361,29408,139315,3369544.01,2830537.04,83.48514680012883
2022-06-11,44509,36216,151598,4463584.56,3478666.52,100.28498865398008
2022-06-12,44254,35441,227739,4561669.81,3820200.11,103.07926537714104
2022-06-13,47786,37951,241917,4221162.05,3579316.15,88.33470158623864
2022-06-14,40529,32509,170075,4843640.76,3943051.0,119.51049273359816
2022-06-15,43670,35143,238821,4969823.53,4197066.37,113.80406526219373
2022-06-16,35734,26473,188402,4143877.35,3546880.86,115.96455336654167
2022-06-17,40803,32200,144108,4914374.7,4127718.74,120.44150430115432
2022-06-18,41578,30956,209905,4817780.87,3824360.06,115.8733193034778
2022-06-19,40028,30573,130817,3795086.21,3161112.99,94.81078769861097
2022-06-20,44660,35988,182087,3323030.57,2753309.16,74.40731236005374
2022-06-21,42645,33601,224443,4271838.09,3517936.59,100.17207386563489
2022-06-22,45359,34260,230261,5182306.11,4283552.22,114.2508897903393
2022-06-23,44936,31522,203312,3276933.23,2698817.37,72.9244532223607
2022-06-24,45490,33696,214448,4334289.08,3840132.24,95.28004132776435
2022-06-25,47230,37140,153361,3650772.37,3465656.03,77.29774232479356
2022-06-26,50947,37063,203644,3313898.55,3251613.07,65.0459997644611
2022-06-27,44325,33965,198590,3481464.68,3545701.77,78.5440424139876
2022-06-28,48458,35647,176247,5799352.35,5797836.84,119.67791386355194
2022-06-29,44124,31005,144998,7265484.49,7471904.08,164.6606039796936
2022-06-30,43026,32328,194772,5503799.91,5548808.71,127.91800097615396
2022-07-01,32388,25146,126327,5150082.22,5158929.6,159.01204828948994
2022-07-02,35455,25208,152256,4591824.74,4681370.69,129.51134508531942
2022-07-03,32450,24137,143250,3487232.0,3467227.39,107.46477657935284
2022-07-04,31174,24165,110469,1208545.64,1210803.29,38.76774363251427
2022-07-05,32386,26366,104994,1079245.09,1067117.75,33.32443308837152
2022-07-06,35979,25482,194096,2003115.26,1958001.67,55.67456738653103
2022-07-07,35410,25983,147788,2178171.4,2191625.58,61.51288901440271
2022-07-08,33780,24238,125119,1881078.1,1982500.01,55.686148608644174
2022-07-09,32667,26631,169226,1988747.3,2091746.39,60.879398169406436
2022-07-10,38687,30792,126697,2250020.87,2249417.16,58.1596109804327
2022-07-11,34744,26462,188041,3085208.06,3120714.69,88.79829783559751
2022-07-12,34500,26472,173654,3275001.85,3465716.5,94.92758985507247
2022-07-13,40352,30225,200261,3331997.68,3265956.0,82.57329698651864
2022-07-14,33730,26590,136867,3428606.64,3482102.84,101.64858108508746
2022-07-15,31770,23096,154529,3272104.3,3382105.17,102.99352533836952
2022-07-16,36700,29083,182157,3060600.17,3054594.29,83.3951
2022-07-17,31361,23759,152630,3238870.01,3239433.47,103.27700041452759
2022-07-18,34657,26158,165506,3305333.1,3363292.96,95.37274143751624
2022-07-19,31117,22846,151522,3101945.44,3019090.18,99.68651990873155
2022-07-20,35172,27662,169318,3436240.82,3222539.9,97.69819231206641
2022-07-21,35179,27431,163459,3596036.01,3119249.05,102.22109809829728
2022-07-22,34709,28244,129053,2771453.13,2364982.84,79.84825636002189
2022-07-23,37128,28407,172419,4190232.53,3612754.83,112.85909636931696
2022-07-24,32101,24091,144729,3833852.9,3118207.38,119.43094919161396
2022-07-25,32502,23998,126179,2614143.21,2099890.98,80.43022613992984
2022-07-26,37013,29716,176364,3176075.37,2651641.17,85.8097255018507
2022-07-27,39359,29484,178642,4214912.76,3467925.47,107.0889189257857
2022-07-28,35826,26977,136531,4859620.98,3942867.94,135.64508959973205
2022-07-29,29929,22065,126776,3226100.81,2681143.22,107.79180092886499
2022-07-30,35132,25037,161051,2682461.47,2137462.32,76.35379340771946
2022-07-31,34314,24482,147350,4622917.86,3735517.99,134.72395698548698
2022-08-01,39152,28060,179948,4081818.17,3201046.8,104.25567455046996
2022-08-02,37188,27221,188219,4490226.96,3711709.11,120.74397547595999
2022-08-03,40097,32382,207500,5085558.26,4209543.55,126.83139037833254
2022-08-04,39154,30610,170894,4345026.44,3614349.89,110.97273433110284
2022-08-05,39534,30810,190411,2114789.45,1780212.48,53.492928871351246
2022-08-06,39578,31017,160610,2325289.52,2017328.21,58.75207236343423
2022-08-07,41050,31032,160670,2331541.43,1882527.46,56.79759878197321
2022-08-08,37273,30036,179334,3054473.91,2576748.48,81.94870039975318
2022-08-09,35567,27505,130126,2488386.71,1932711.49,69.96335676329181
2022-08-10,39163,30794,189381,2963483.62,2399743.47,75.67049562086663
2022-08-11,39582,27936,160850,3674343.1,3109434.98,92.82863675408014
2022-08-12,41209,31467,172618,2787707.25,2241846.4,67.64801985003275
2022-08-13,40912,33168,183089,1789226.45,1446390.99,43.73353661517403
2022-08-14,37511,28726,173595,2557373.24,2109123.95,68.1766212577644
2022-08-15,36588,26589,132120,3869248.63,3309171.5,105.75184842024707
2022-08-16,34912,26494,184855,3139997.28,2622848.5,89.94034372135654
2022-08-17,33645,24397,180016,3480892.06,2948849.64,103.45941625798781
2022-08-18,36212,27205,141806,4171974.77,3471070.42,115.20973075223682
2022-08-19,41063,31131,138743,2011108.63,1643391.76,48.97617392786693
2022-08-20,42765,30300,168327,2479005.37,2092133.98,57.968090026891154
2022-08-21,39407,31207,144120,2235990.02,1905397.24,56.740934859288956
2022-08-22,34255,27894,122349,3743695.22,3095599.8,109.28901532622976
2022-08-23,38088,28982,128979,2422220.1,1951701.71,63.59536074354128
2022-08-24,40479,30418,146980,3292983.26,2679505.93,81.35041033622372
2022-08-25,41058,30306,219198,3512475.16,2996327.54,85.54910516829851
2022-08-26,38935,29454,168649,3544046.7,2980867.4,91.02470014126108
2022-08-27,36063,25453,181340,2367664.33,1897436.06,65.6535598813188
2022-08-28,37831,28968,138534,7051722.27,5879145.36,186.4006309640242
2022-08-29,34115,27071,132208,7928796.83,6503005.43,232.41380126044263
2022-08-30,31044,22542,128484,6574345.89,5482415.72,211.7750898724391
2022-08-31,36776,27593,183314,7627532.44,6341793.09,207.40516750054385
2022-09-01,27076,19788,132027,6284732.49,5155753.38,232.11451063672627
2022-09-02,26168,21157,89557,1902817.9,1746845.19,72.7154501681443
2022-09-03,26717,19490,89893,1443083.36,1319555.66,54.0136751880825
2022-09-04,26986,20282,142233,1814811.35,1668265.18,67.25010561031647
2022-09-05,29790,21719,129819,2214621.47,2091481.45,74.34110339039947
2022-09-06,25213,18681,129916,1440405.44,1324005.11,57.129474477452106
2022-09-07,27316,19634,94008,1890879.55,1717460.94,69.22241726460683
2022-09-08,25002,18438,137423,3137260.99,2854328.48,125.48040116790658
2022-09-09,26537,21323,122541,1905843.43,1773901.8,71.81834532916305
2022-09-10,28133,22594,127438,3003150.84,2629180.97,106.74833256318202
2022-09-11,29604,23624,126975,3574194.77,3355823.68,120.73350797189569
2022-09-12,27314,21746,108646,3415849.51,3102681.39,125.05856007908032
2022-09-13,27859,20442,118748,2521208.91,2449598.89,90.49890197063786
2022-09-14,29359,22541,145598,2125189.04,1992207.12,72.38628836132021
2022-09-15,25643,19214,90014,3154006.65,2833555.37,122.99678859727801
2022-09-16,25367,19808,117896,2557894.76,2402816.85,100.83552489454803
2022-09-17,26163,20085,88784,1810510.0,1735920.18,69.20116194625999
2022-09-18,24338,17411,108739,2355578.71,2098692.33,96.78604281370696
2022-09-19,27785,21122,124074,2832515.44,2618684.64,101.9440503868994
2022-09-20,28085,20197,102914,1813002.77,1685796.46,64.55413103079935
2022-09-21,27876,21987,136252,2262085.02,2156585.58,81.14812096427035
2022-09-22,28453,22978,94157,3106149.95,2910964.29,109.16774856781359
2022-09-23,28503,23121,91219,2634119.24,2453809.45,92.4155085429604
2022-09-24,25583,19006,86745,2896411.14,2694695.72,113.216242817496
2022-09-25,26953,19520,113157,3041369.47,2753150.12,112.83973843356955
2022-09-26,29151,21331,106783,5205389.57,4849044.63,178.56641521731675
2022-09-27,30503,21593,118000,4259834.95,3803492.23,139.65298331311675
2022-09-28,26172,18792,128060,4257301.76,3860995.61,162.66627540883385
2022-09-29,26129,20686,125303,4352754.23,4023586.93,166.58709594703205
2022-09-30,26964,19431,145584,2551313.88,2332362.64,94.61926568758344
2022-10-01,21915,16618,104680,1469771.93,1293984.1,67.06693725758612
2022-10-02,23650,19243,102949,1289798.82,1015484.47,54.53694799154334
2022-10-03,23086,16613,97440,2179072.88,1799910.69,94.38936498310665
2022-10-04,19419,13982,97948,2751920.12,2302490.12,141.71276172820436
2022-10-05,24340,19102,77914,1527341.84,1209546.76,62.75028101889894
2022-10-06,25978,20520,131568,2026518.43,1678609.18,78.00902417430133
2022-10-07,20341,15198,108359,1406363.3,1112130.94,69.13933926552284
2022-10-08,24311,19360,90149,2137543.63,1805932.34,87.92495701534284
2022-10-09,22950,16938,91335,1805775.79,1488842.7,78.68304095860567
2022-10-10,20656,16553,70928,2356440.12,1975941.69,114.08017621998451
2022-10-11,18965,15480,94939,2270162.6,1955651.17,119.7027471658318
2022-10-12,15278,12043,64352,1976207.14,1617749.24,129.34985862023825
2022-10-13,21504,15909,88710,2430819.33,1940628.06,113.04033342633929
2022-10-14,18534,14990,78741,1927818.67,1586067.15,104.01525142980468
2022-10-15,19596,14437,88641,1986495.19,1576156.75,101.37248367013676
2022-10-16,21272,15771,87737,1897952.11,1655869.65,89.22302134261001
2022-10-17,23281,18812,75013,2507328.8,2119354.36,107.69850092349984
2022-10-18,20030,14036,71188,3170696.65,2645141.42,158.29738642036943
2022-10-19,19931,14569,85875,2324314.45,1931007.25,116.61805478902214
2022-10-20,25130,18775,97221,2591151.06,2095872.66,103.10987107043374
2022-10-21,19560,14642,92451,2662328.56,2201489.2,136.11086707566463
2022-10-22,22443,16339,94221,2407124.47,1949055.98,107.25502250144812
2022-10-23,19004,15022,85593,1971627.46,1628494.03,103.74802462639444
2022-10-24,19897,14648,98981,2678456.17,2245907.36,134.61608131879177
2022-10-25,18586,13399,94207,3003375.87,2373976.27,161.5934504465727
2022-10-26,20955,16059,84932,2345490.55,1902512.75,111.92987592460032
2022-10-27,21533,16570,81302,2493935.72,2087492.57,115.81924116472392
2022-10-28,21235,16676,80918,4210212.53,3513694.7,198.26760207205086
2022-10-29,20080,14795,89735,3626939.26,2918150.87,180.6244651394422
2022-10-30,22842,16570,93151,3130677.4,2518990.77,137.05793713335083
2022-10-31,21079,14809,78371,4630791.46,3823758.6,219.68743583661464
2022-11-01,18752,13778,88117,3025164.28,2504688.31,161.32488694539248
2022-11-02,19089,14911,81187,1338326.56,1136192.76,70.10983079260308
2022-11-03,17164,13896,75376,1253721.23,994106.82,73.04365124679562
2022-11-04,16168,11784,54349,1065066.0,908402.36,65.87493814943097
2022-11-05,18481,13228,68053,1826120.07,1592683.79,98.81067420594124
2022-11-06,19560,15002,65417,2207719.98,1750011.7,112.86911963190184
2022-11-07,17218,12471,68229,1655852.99,1340974.43,96.16987977697758
2022-11-08,17282,12705,94751,1781413.12,1480654.53,103.07910658488602
2022-11-09,14299,11080,78119,845358.47,699535.31,59.120111196587175
2022-11-10,17937,13772,92814,2079598.87,1694276.76,115.9390572559514
2022-11-11,18150,12791,78320,1581745.15,1307363.48,87.14849311294765
2022-11-12,19558,13749,79761,1354235.95,1091940.76,69.24204673279476
2022-11-13,15839,12192,63694,2903552.41,2399414.44,183.31664940968497
2022-11-14,16503,12338,77142,1656739.7,1428653.75,100.39021390050294
2022-11-15,15437,11589,71074,1547150.37,1239694.48,100.22351298827493
2022-11-16,18093,13188,73967,1436853.58,1152791.3,79.41488863096225
2022-11-17,17628,12749,72696,1542318.91,1326508.48,87.49256353528477
2022-11-18,17800,12834,85184,2067584.69,1767319.2,116.15644325842696
2022-11-19,16660,12315,74131,1496563.56,1377725.1,89.82974549819929
2022-11-20,17503,13242,91960,1857748.24,1631718.89,106.1388470547906
2022-11-21,16579,13584,84017,1349907.06,1276634.29,81.42270703902528
2022-11-22,19652,15391,73281,853188.02,904694.78,43.41481884795441
2022-11-23,20790,14720,108751,1060969.69,1157743.64,51.03269312169312
2022-11-24,22800,17553,111590,1729664.2,1775190.25,75.8624649122807
2022-11-25,16538,11598,86095,1527923.9,1576795.62,92.38867456766235
2022-11-26,17711,13728,57061,2035639.78,2105948.81,114.93646773191801
2022-11-27,17259,13973,64284,3138619.13,3283279.48,181.85405469610058
2022-11-28,17198,12171,84397,2104917.42,2152332.4,122.39315152924759
2022-11-29,18099,12899,87262,2558728.79,2694391.19,141.37404221227692
2022-11-30,20889,16323,107604,1317689.52,1346354.39,63.08054574177797
2022-12-01,18489,14922,94041,1668445.9,1683082.9,90.2399210341284
2022-12-02,22309,18062,85041,720381.04,726739.78,32.29105024877852
2022-12-03,21813,17728,70937,753704.17,751384.0,34.55298079127126
2022-12-04,19992,14714,100587,664409.51,678890.04,33.233769007603044
2022-12-05,24621,19070,91083,1607335.1,1688255.85,65.28309573128631
2022-12-06,21837,16466,92381,1436188.44,1460346.38,65.76857810138755
2022-12-07,21436,17340,76687,760218.13,731672.82,35.4645516887479
2022-12-08,22392,16875,111333,818209.67,832757.07,36.540267506252235
2022-12-09,18315,14698,88470,1323267.85,1366777.35,72.25049686049687
2022-12-10,21589,15750,85171,1598936.84,1616981.65,74.06257075362454
2022-12-11,20104,15975,89226,1420910.74,1526398.5,70.67801134102666
2022-12-12,20895,17111,98147,1983085.06,2071778.79,94.90715769322804
2022-12-13,18678,14451,81348,1652309.19,1687562.98,88.4628541599743
2022-12-14,19332,13535,89346,1662243.59,1688191.22,85.98404665839024
2022-12-15,20742,14911,103929,1494318.64,1554407.68,72.0431318098544
2022-12-16,21729,17169,114060,1482192.97,1521540.05,68.21266372129412
2022-12-17,21209,17110,116457,1302193.74,1321522.92,61.398167758970246
2022-12-18,22512,17217,76624,2201374.59,2308997.06,97.78671775053304
2022-12-19,20265,14862,107960,2250767.39,2245767.23,111.06673525783371
2022-12-20,23389,18774,102140,2026810.08,2053084.16,86.65655137030228
2022-12-21,19702,15507,100991,1795395.02,1806884.57,91.12755151761243
2022-12-22,20194,16347,67520,1791622.46,1773829.08,88.7205338219273
2022-12-23,18193,12836,88669,1501209.11,1499234.75,82.51575386137526
2022-12-24,19257,14348,98123,1390870.89,1401661.67,72.22676896712883
2022-12-25,19815,14725,108175,1136772.53,1160100.63,57.3692924552107
2022-12-26,21676,17160,79557,2110830.12,2160963.69,97.38097988558775
2022-12-27,17416,13150,62527,2100553.66,2184872.24,120.61056844281121
2022-12-28,21071,15979,67456,3448729.2,3513621.0,163.67183332542356
2022-12-29,20884,14640,82155,3083944.33,3170787.1,147.67019392836622
2022-12-30,17679,13713,79308,2884668.76,3022292.15,163.1692267662198
2022-12-31,21743,15512,94844,2383037.48,2279288.13,109.60021524168698
